date_reported,data_type_name,location_id,mean,upper,lower,covid_measure_name
2020-01-03 00:00:00,observed,536,0,0,0,deaths
2020-01-04 00:00:00,observed,536,0,0,0,deaths
2020-01-05 00:00:00,observed,536,0,0,0,deaths
2020-01-06 00:00:00,observed,536,0,0,0,deaths
2020-01-07 00:00:00,observed,536,0,0,0,deaths
2020-01-08 00:00:00,observed,536,0,0,0,deaths
2020-01-09 00:00:00,observed,536,0,0,0,deaths
2020-01-10 00:00:00,observed,536,0,0,0,deaths
2020-01-11 00:00:00,observed,536,0,0,0,deaths
2020-01-12 00:00:00,observed,536,0,0,0,deaths
2020-01-13 00:00:00,observed,536,0,0,0,deaths
2020-01-14 00:00:00,observed,536,0,0,0,deaths
2020-01-15 00:00:00,observed,536,0,0,0,deaths
2020-01-16 00:00:00,observed,536,0,0,0,deaths
2020-01-17 00:00:00,observed,536,0,0,0,deaths
2020-01-18 00:00:00,observed,536,0,0,0,deaths
2020-01-19 00:00:00,observed,536,0,0,0,deaths
2020-01-20 00:00:00,observed,536,0,0,0,deaths
2020-01-21 00:00:00,observed,536,0,0,0,deaths
2020-01-22 00:00:00,observed,536,0,0,0,deaths
2020-01-23 00:00:00,observed,536,0,0,0,deaths
2020-01-24 00:00:00,observed,536,0,0,0,deaths
2020-01-25 00:00:00,observed,536,0,0,0,deaths
2020-01-26 00:00:00,observed,536,0,0,0,deaths
2020-01-27 00:00:00,observed,536,0,0,0,deaths
2020-01-28 00:00:00,observed,536,0,0,0,deaths
2020-01-29 00:00:00,observed,536,0,0,0,deaths
2020-01-30 00:00:00,observed,536,0,0,0,deaths
2020-01-31 00:00:00,observed,536,0,0,0,deaths
2020-02-01 00:00:00,observed,536,0,0,0,deaths
2020-02-02 00:00:00,observed,536,0,0,0,deaths
2020-02-03 00:00:00,observed,536,0,0,0,deaths
2020-02-04 00:00:00,observed,536,0,0,0,deaths
2020-02-05 00:00:00,observed,536,0,0,0,deaths
2020-02-06 00:00:00,observed,536,0,0,0,deaths
2020-02-07 00:00:00,observed,536,0,0,0,deaths
2020-02-08 00:00:00,observed,536,0,0,0,deaths
2020-02-09 00:00:00,observed,536,0,0,0,deaths
2020-02-10 00:00:00,observed,536,0,0,0,deaths
2020-02-11 00:00:00,observed,536,0,0,0,deaths
2020-02-12 00:00:00,observed,536,0,0,0,deaths
2020-02-13 00:00:00,observed,536,0,0,0,deaths
2020-02-14 00:00:00,observed,536,0,0,0,deaths
2020-02-15 00:00:00,observed,536,0,0,0,deaths
2020-02-16 00:00:00,observed,536,0,0,0,deaths
2020-02-17 00:00:00,observed,536,0,0,0,deaths
2020-02-18 00:00:00,observed,536,0,0,0,deaths
2020-02-19 00:00:00,observed,536,0,0,0,deaths
2020-02-20 00:00:00,observed,536,0,0,0,deaths
2020-02-21 00:00:00,observed,536,0,0,0,deaths
2020-02-22 00:00:00,observed,536,0,0,0,deaths
2020-02-23 00:00:00,observed,536,0,0,0,deaths
2020-02-24 00:00:00,observed,536,0,0,0,deaths
2020-02-25 00:00:00,observed,536,0,0,0,deaths
2020-02-26 00:00:00,observed,536,0,0,0,deaths
2020-02-27 00:00:00,observed,536,0,0,0,deaths
2020-02-28 00:00:00,observed,536,0,0,0,deaths
2020-02-29 00:00:00,observed,536,0,0,0,deaths
2020-03-01 00:00:00,observed,536,0,0,0,deaths
2020-03-02 00:00:00,observed,536,0,0,0,deaths
2020-03-03 00:00:00,observed,536,0,0,0,deaths
2020-03-04 00:00:00,observed,536,0,0,0,deaths
2020-03-05 00:00:00,observed,536,0,0,0,deaths
2020-03-06 00:00:00,observed,536,0,0,0,deaths
2020-03-07 00:00:00,observed,536,0,0,0,deaths
2020-03-08 00:00:00,observed,536,0,0,0,deaths
2020-03-09 00:00:00,observed,536,0,0,0,deaths
2020-03-10 00:00:00,observed,536,0,0,0,deaths
2020-03-11 00:00:00,observed,536,0,0,0,deaths
2020-03-12 00:00:00,observed,536,0,0,0,deaths
2020-03-13 00:00:00,observed,536,0,0,0,deaths
2020-03-14 00:00:00,observed,536,0,0,0,deaths
2020-03-15 00:00:00,observed,536,0,0,0,deaths
2020-03-16 00:00:00,observed,536,0,0,0,deaths
2020-03-17 00:00:00,observed,536,1,1,1,deaths
2020-03-18 00:00:00,observed,536,0,0,0,deaths
2020-03-19 00:00:00,observed,536,3,3,3,deaths
2020-03-20 00:00:00,observed,536,1,1,1,deaths
2020-03-21 00:00:00,observed,536,1,1,1,deaths
2020-03-22 00:00:00,observed,536,3,3,3,deaths
2020-03-23 00:00:00,observed,536,3,3,3,deaths
2020-03-24 00:00:00,observed,536,4,4,4,deaths
2020-03-25 00:00:00,observed,536,3,3,3,deaths
2020-03-26 00:00:00,observed,536,7,7,7,deaths
2020-03-27 00:00:00,observed,536,8,8,8,deaths
2020-03-28 00:00:00,observed,536,13,13,13,deaths
2020-03-29 00:00:00,observed,536,19,19,19,deaths
2020-03-30 00:00:00,observed,536,7,7,7,deaths
2020-03-31 00:00:00,observed,536,26,26,26,deaths
2020-04-01 00:00:00,observed,536,42,42,42,deaths
2020-04-02 00:00:00,observed,536,22,22,22,deaths
2020-04-03 00:00:00,observed,536,47,47,47,deaths
2020-04-04 00:00:00,observed,536,34,34,34,deaths
2020-04-05 00:00:00,observed,536,30,30,30,deaths
2020-04-06 00:00:00,observed,536,33,33,33,deaths
2020-04-07 00:00:00,observed,536,1,1,1,deaths
2020-01-03 00:00:00,observed,536,0,0,0,total_death
2020-01-04 00:00:00,observed,536,0,0,0,total_death
2020-01-05 00:00:00,observed,536,0,0,0,total_death
2020-01-06 00:00:00,observed,536,0,0,0,total_death
2020-01-07 00:00:00,observed,536,0,0,0,total_death
2020-01-08 00:00:00,observed,536,0,0,0,total_death
2020-01-09 00:00:00,observed,536,0,0,0,total_death
2020-01-10 00:00:00,observed,536,0,0,0,total_death
2020-01-11 00:00:00,observed,536,0,0,0,total_death
2020-01-12 00:00:00,observed,536,0,0,0,total_death
2020-01-13 00:00:00,observed,536,0,0,0,total_death
2020-01-14 00:00:00,observed,536,0,0,0,total_death
2020-01-15 00:00:00,observed,536,0,0,0,total_death
2020-01-16 00:00:00,observed,536,0,0,0,total_death
2020-01-17 00:00:00,observed,536,0,0,0,total_death
2020-01-18 00:00:00,observed,536,0,0,0,total_death
2020-01-19 00:00:00,observed,536,0,0,0,total_death
2020-01-20 00:00:00,observed,536,0,0,0,total_death
2020-01-21 00:00:00,observed,536,0,0,0,total_death
2020-01-22 00:00:00,observed,536,0,0,0,total_death
2020-01-23 00:00:00,observed,536,0,0,0,total_death
2020-01-24 00:00:00,observed,536,0,0,0,total_death
2020-01-25 00:00:00,observed,536,0,0,0,total_death
2020-01-26 00:00:00,observed,536,0,0,0,total_death
2020-01-27 00:00:00,observed,536,0,0,0,total_death
2020-01-28 00:00:00,observed,536,0,0,0,total_death
2020-01-29 00:00:00,observed,536,0,0,0,total_death
2020-01-30 00:00:00,observed,536,0,0,0,total_death
2020-01-31 00:00:00,observed,536,0,0,0,total_death
2020-02-01 00:00:00,observed,536,0,0,0,total_death
2020-02-02 00:00:00,observed,536,0,0,0,total_death
2020-02-03 00:00:00,observed,536,0,0,0,total_death
2020-02-04 00:00:00,observed,536,0,0,0,total_death
2020-02-05 00:00:00,observed,536,0,0,0,total_death
2020-02-06 00:00:00,observed,536,0,0,0,total_death
2020-02-07 00:00:00,observed,536,0,0,0,total_death
2020-02-08 00:00:00,observed,536,0,0,0,total_death
2020-02-09 00:00:00,observed,536,0,0,0,total_death
2020-02-10 00:00:00,observed,536,0,0,0,total_death
2020-02-11 00:00:00,observed,536,0,0,0,total_death
2020-02-12 00:00:00,observed,536,0,0,0,total_death
2020-02-13 00:00:00,observed,536,0,0,0,total_death
2020-02-14 00:00:00,observed,536,0,0,0,total_death
2020-02-15 00:00:00,observed,536,0,0,0,total_death
2020-02-16 00:00:00,observed,536,0,0,0,total_death
2020-02-17 00:00:00,observed,536,0,0,0,total_death
2020-02-18 00:00:00,observed,536,0,0,0,total_death
2020-02-19 00:00:00,observed,536,0,0,0,total_death
2020-02-20 00:00:00,observed,536,0,0,0,total_death
2020-02-21 00:00:00,observed,536,0,0,0,total_death
2020-02-22 00:00:00,observed,536,0,0,0,total_death
2020-02-23 00:00:00,observed,536,0,0,0,total_death
2020-02-24 00:00:00,observed,536,0,0,0,total_death
2020-02-25 00:00:00,observed,536,0,0,0,total_death
2020-02-26 00:00:00,observed,536,0,0,0,total_death
2020-02-27 00:00:00,observed,536,0,0,0,total_death
2020-02-28 00:00:00,observed,536,0,0,0,total_death
2020-02-29 00:00:00,observed,536,0,0,0,total_death
2020-03-01 00:00:00,observed,536,0,0,0,total_death
2020-03-02 00:00:00,observed,536,0,0,0,total_death
2020-03-03 00:00:00,observed,536,0,0,0,total_death
2020-03-04 00:00:00,observed,536,0,0,0,total_death
2020-03-05 00:00:00,observed,536,0,0,0,total_death
2020-03-06 00:00:00,observed,536,0,0,0,total_death
2020-03-07 00:00:00,observed,536,0,0,0,total_death
2020-03-08 00:00:00,observed,536,0,0,0,total_death
2020-03-09 00:00:00,observed,536,0,0,0,total_death
2020-03-10 00:00:00,observed,536,0,0,0,total_death
2020-03-11 00:00:00,observed,536,0,0,0,total_death
2020-03-12 00:00:00,observed,536,0,0,0,total_death
2020-03-13 00:00:00,observed,536,0,0,0,total_death
2020-03-14 00:00:00,observed,536,0,0,0,total_death
2020-03-15 00:00:00,observed,536,0,0,0,total_death
2020-03-16 00:00:00,observed,536,0,0,0,total_death
2020-03-17 00:00:00,observed,536,1,1,1,total_death
2020-03-18 00:00:00,observed,536,1,1,1,total_death
2020-03-19 00:00:00,observed,536,4,4,4,total_death
2020-03-20 00:00:00,observed,536,5,5,5,total_death
2020-03-21 00:00:00,observed,536,6,6,6,total_death
2020-03-22 00:00:00,observed,536,9,9,9,total_death
2020-03-23 00:00:00,observed,536,12,12,12,total_death
2020-03-24 00:00:00,observed,536,16,16,16,total_death
2020-03-25 00:00:00,observed,536,19,19,19,total_death
2020-03-26 00:00:00,observed,536,26,26,26,total_death
2020-03-27 00:00:00,observed,536,34,34,34,total_death
2020-03-28 00:00:00,observed,536,47,47,47,total_death
2020-03-29 00:00:00,observed,536,66,66,66,total_death
2020-03-30 00:00:00,observed,536,73,73,73,total_death
2020-03-31 00:00:00,observed,536,99,99,99,total_death
2020-04-01 00:00:00,observed,536,141,141,141,total_death
2020-04-02 00:00:00,observed,536,163,163,163,total_death
2020-04-03 00:00:00,observed,536,210,210,210,total_death
2020-04-04 00:00:00,observed,536,244,244,244,total_death
2020-04-05 00:00:00,observed,536,274,274,274,total_death
2020-04-06 00:00:00,observed,536,307,307,307,total_death
2020-04-07 00:00:00,observed,536,308,308,308,total_death
2020-01-03 00:00:00,projected,536,0,0,0,covid_all_bed
2020-01-04 00:00:00,projected,536,0,0,0,covid_all_bed
2020-01-05 00:00:00,projected,536,0,0,0,covid_all_bed
2020-01-06 00:00:00,projected,536,0,0,0,covid_all_bed
2020-01-07 00:00:00,projected,536,0,0,0,covid_all_bed
2020-01-08 00:00:00,projected,536,0,0,0,covid_all_bed
2020-01-09 00:00:00,projected,536,0,0,0,covid_all_bed
2020-01-10 00:00:00,projected,536,0,0,0,covid_all_bed
2020-01-11 00:00:00,projected,536,0,0,0,covid_all_bed
2020-01-12 00:00:00,projected,536,0,0,0,covid_all_bed
2020-01-13 00:00:00,projected,536,0,0,0,covid_all_bed
2020-01-14 00:00:00,projected,536,0,0,0,covid_all_bed
2020-01-15 00:00:00,projected,536,0,0,0,covid_all_bed
2020-01-16 00:00:00,projected,536,0,0,0,covid_all_bed
2020-01-17 00:00:00,projected,536,0,0,0,covid_all_bed
2020-01-18 00:00:00,projected,536,0,0,0,covid_all_bed
2020-01-19 00:00:00,projected,536,0,0,0,covid_all_bed
2020-01-20 00:00:00,projected,536,0,0,0,covid_all_bed
2020-01-21 00:00:00,projected,536,0,0,0,covid_all_bed
2020-01-22 00:00:00,projected,536,0,0,0,covid_all_bed
2020-01-23 00:00:00,projected,536,0,0,0,covid_all_bed
2020-01-24 00:00:00,projected,536,0,0,0,covid_all_bed
2020-01-25 00:00:00,projected,536,0,0,0,covid_all_bed
2020-01-26 00:00:00,projected,536,0,0,0,covid_all_bed
2020-01-27 00:00:00,projected,536,0,0,0,covid_all_bed
2020-01-28 00:00:00,projected,536,0,0,0,covid_all_bed
2020-01-29 00:00:00,projected,536,0,0,0,covid_all_bed
2020-01-30 00:00:00,projected,536,0,0,0,covid_all_bed
2020-01-31 00:00:00,projected,536,0,0,0,covid_all_bed
2020-02-01 00:00:00,projected,536,0,0,0,covid_all_bed
2020-02-02 00:00:00,projected,536,0,0,0,covid_all_bed
2020-02-03 00:00:00,projected,536,0,0,0,covid_all_bed
2020-02-04 00:00:00,projected,536,0,0,0,covid_all_bed
2020-02-05 00:00:00,projected,536,0,0,0,covid_all_bed
2020-02-06 00:00:00,projected,536,0,0,0,covid_all_bed
2020-02-07 00:00:00,projected,536,0,0,0,covid_all_bed
2020-02-08 00:00:00,projected,536,0,0,0,covid_all_bed
2020-02-09 00:00:00,projected,536,0,0,0,covid_all_bed
2020-02-10 00:00:00,projected,536,0,0,0,covid_all_bed
2020-02-11 00:00:00,projected,536,0,0,0,covid_all_bed
2020-02-12 00:00:00,projected,536,0,0,0,covid_all_bed
2020-02-13 00:00:00,projected,536,0,0,0,covid_all_bed
2020-02-14 00:00:00,projected,536,0,0,0,covid_all_bed
2020-02-15 00:00:00,projected,536,0,0,0,covid_all_bed
2020-02-16 00:00:00,projected,536,0,0,0,covid_all_bed
2020-02-17 00:00:00,projected,536,0,0,0,covid_all_bed
2020-02-18 00:00:00,projected,536,0,0,0,covid_all_bed
2020-02-19 00:00:00,projected,536,0,0,0,covid_all_bed
2020-02-20 00:00:00,projected,536,0,0,0,covid_all_bed
2020-02-21 00:00:00,projected,536,0,0,0,covid_all_bed
2020-02-22 00:00:00,projected,536,0,0,0,covid_all_bed
2020-02-23 00:00:00,projected,536,0,0,0,covid_all_bed
2020-02-24 00:00:00,projected,536,0,0,0,covid_all_bed
2020-02-25 00:00:00,projected,536,0,0,0,covid_all_bed
2020-02-26 00:00:00,projected,536,0,0,0,covid_all_bed
2020-02-27 00:00:00,projected,536,0,0,0,covid_all_bed
2020-02-28 00:00:00,projected,536,0,0,0,covid_all_bed
2020-02-29 00:00:00,projected,536,0,0,0,covid_all_bed
2020-03-01 00:00:00,projected,536,0,0,0,covid_all_bed
2020-03-02 00:00:00,projected,536,0,0,0,covid_all_bed
2020-03-03 00:00:00,projected,536,0,0,0,covid_all_bed
2020-03-04 00:00:00,projected,536,0,0,0,covid_all_bed
2020-03-05 00:00:00,projected,536,0,0,0,covid_all_bed
2020-03-06 00:00:00,projected,536,0,0,0,covid_all_bed
2020-03-07 00:00:00,projected,536,0,0,0,covid_all_bed
2020-03-08 00:00:00,projected,536,0,0,0,covid_all_bed
2020-03-09 00:00:00,projected,536,0,0,0,covid_all_bed
2020-03-10 00:00:00,projected,536,0,0,0,covid_all_bed
2020-03-11 00:00:00,projected,536,0,0,0,covid_all_bed
2020-03-12 00:00:00,projected,536,7,10,5,covid_all_bed
2020-03-13 00:00:00,projected,536,7,10,5,covid_all_bed
2020-03-14 00:00:00,projected,536,27,34,23,covid_all_bed
2020-03-15 00:00:00,projected,536,34,41,29,covid_all_bed
2020-03-16 00:00:00,projected,536,41,49,36,covid_all_bed
2020-03-17 00:00:00,projected,536,62,70,55,covid_all_bed
2020-03-18 00:00:00,projected,536,81,91,73,covid_all_bed
2020-03-19 00:00:00,projected,536,103,114,94,covid_all_bed
2020-03-20 00:00:00,projected,536,121,133,110,covid_all_bed
2020-03-21 00:00:00,projected,536,152,164,140,covid_all_bed
2020-03-22 00:00:00,projected,536,200,216,187,covid_all_bed
2020-03-23 00:00:00,projected,536,281,300,265,covid_all_bed
2020-03-24 00:00:00,projected,536,392,414,372,covid_all_bed
2020-03-25 00:00:00,projected,536,419,441,399,covid_all_bed
2020-03-26 00:00:00,projected,536,573,598,548,covid_all_bed
2020-03-27 00:00:00,projected,536,837,864,808,covid_all_bed
2020-03-28 00:00:00,projected,536,942,971,910,covid_all_bed
2020-03-29 00:00:00,projected,536,1207,1244,1172,covid_all_bed
2020-03-30 00:00:00,projected,536,1350,1387,1313,covid_all_bed
2020-03-31 00:00:00,projected,536,1445,1484,1407,covid_all_bed
2020-04-01 00:00:00,projected,536,1607,1649,1567,covid_all_bed
2020-04-02 00:00:00,projected,536,1429,1468,1390,covid_all_bed
2020-04-03 00:00:00,projected,536,1688,2307,1382,covid_all_bed
2020-04-04 00:00:00,projected,536,2006,3231,1429,covid_all_bed
2020-04-05 00:00:00,projected,536,2206,3809,1370,covid_all_bed
2020-04-06 00:00:00,projected,536,2513,4615,1378,covid_all_bed
2020-04-07 00:00:00,projected,536,2942,5884,1416,covid_all_bed
2020-04-08 00:00:00,projected,536,3254,6564,1485,covid_all_bed
2020-04-09 00:00:00,projected,536,3727,7916,1597,covid_all_bed
2020-04-10 00:00:00,projected,536,3750,8191,1479,covid_all_bed
2020-04-11 00:00:00,projected,536,3762,9536,1507,covid_all_bed
2020-04-12 00:00:00,projected,536,3756,9610,1484,covid_all_bed
2020-04-13 00:00:00,projected,536,3741,10314,1377,covid_all_bed
2020-04-14 00:00:00,projected,536,3655,10082,1357,covid_all_bed
2020-04-15 00:00:00,projected,536,3650,9649,1339,covid_all_bed
2020-04-16 00:00:00,projected,536,3567,8685,1472,covid_all_bed
2020-04-17 00:00:00,projected,536,3475,8295,1556,covid_all_bed
2020-04-18 00:00:00,projected,536,3353,7668,1681,covid_all_bed
2020-04-19 00:00:00,projected,536,3188,6692,1764,covid_all_bed
2020-04-20 00:00:00,projected,536,2949,5270,1797,covid_all_bed
2020-04-21 00:00:00,projected,536,2659,4028,1706,covid_all_bed
2020-04-22 00:00:00,projected,536,2337,3246,1639,covid_all_bed
2020-04-23 00:00:00,projected,536,1964,2612,1444,covid_all_bed
2020-04-24 00:00:00,projected,536,1589,2110,1182,covid_all_bed
2020-04-25 00:00:00,projected,536,1253,1714,921,covid_all_bed
2020-04-26 00:00:00,projected,536,959,1383,688,covid_all_bed
2020-04-27 00:00:00,projected,536,705,1062,498,covid_all_bed
2020-04-28 00:00:00,projected,536,513,854,338,covid_all_bed
2020-04-29 00:00:00,projected,536,371,666,224,covid_all_bed
2020-04-30 00:00:00,projected,536,285,571,161,covid_all_bed
2020-05-01 00:00:00,projected,536,248,486,146,covid_all_bed
2020-05-02 00:00:00,projected,536,213,415,127,covid_all_bed
2020-05-03 00:00:00,projected,536,179,314,112,covid_all_bed
2020-05-04 00:00:00,projected,536,148,228,95,covid_all_bed
2020-05-05 00:00:00,projected,536,119,172,80,covid_all_bed
2020-05-06 00:00:00,projected,536,93,128,67,covid_all_bed
2020-05-07 00:00:00,projected,536,71,91,54,covid_all_bed
2020-05-08 00:00:00,projected,536,52,67,41,covid_all_bed
2020-05-09 00:00:00,projected,536,36,46,28,covid_all_bed
2020-05-10 00:00:00,projected,536,23,30,17,covid_all_bed
2020-05-11 00:00:00,projected,536,13,18,9,covid_all_bed
2020-05-12 00:00:00,projected,536,6,10,3,covid_all_bed
2020-05-13 00:00:00,projected,536,2,5,1,covid_all_bed
2020-05-14 00:00:00,projected,536,2,4,0,covid_all_bed
2020-05-15 00:00:00,projected,536,1,3,0,covid_all_bed
2020-05-16 00:00:00,projected,536,1,2,0,covid_all_bed
2020-05-17 00:00:00,projected,536,0,1,0,covid_all_bed
2020-05-18 00:00:00,projected,536,0,1,0,covid_all_bed
2020-05-19 00:00:00,projected,536,0,1,0,covid_all_bed
2020-05-20 00:00:00,projected,536,0,0,0,covid_all_bed
2020-05-21 00:00:00,projected,536,0,0,0,covid_all_bed
2020-05-22 00:00:00,projected,536,0,0,0,covid_all_bed
2020-05-23 00:00:00,projected,536,0,0,0,covid_all_bed
2020-05-24 00:00:00,projected,536,0,0,0,covid_all_bed
2020-05-25 00:00:00,projected,536,0,0,0,covid_all_bed
2020-05-26 00:00:00,projected,536,0,0,0,covid_all_bed
2020-05-27 00:00:00,projected,536,0,0,0,covid_all_bed
2020-05-28 00:00:00,projected,536,0,0,0,covid_all_bed
2020-05-29 00:00:00,projected,536,0,0,0,covid_all_bed
2020-05-30 00:00:00,projected,536,0,0,0,covid_all_bed
2020-05-31 00:00:00,projected,536,0,0,0,covid_all_bed
2020-06-01 00:00:00,projected,536,0,0,0,covid_all_bed
2020-06-02 00:00:00,projected,536,0,0,0,covid_all_bed
2020-06-03 00:00:00,projected,536,0,0,0,covid_all_bed
2020-06-04 00:00:00,projected,536,0,0,0,covid_all_bed
2020-06-05 00:00:00,projected,536,0,0,0,covid_all_bed
2020-06-06 00:00:00,projected,536,0,0,0,covid_all_bed
2020-06-07 00:00:00,projected,536,0,0,0,covid_all_bed
2020-06-08 00:00:00,projected,536,0,0,0,covid_all_bed
2020-06-09 00:00:00,projected,536,0,0,0,covid_all_bed
2020-06-10 00:00:00,projected,536,0,0,0,covid_all_bed
2020-06-11 00:00:00,projected,536,0,0,0,covid_all_bed
2020-06-12 00:00:00,projected,536,0,0,0,covid_all_bed
2020-06-13 00:00:00,projected,536,0,0,0,covid_all_bed
2020-06-14 00:00:00,projected,536,0,0,0,covid_all_bed
2020-06-15 00:00:00,projected,536,0,0,0,covid_all_bed
2020-06-16 00:00:00,projected,536,0,0,0,covid_all_bed
2020-06-17 00:00:00,projected,536,0,0,0,covid_all_bed
2020-06-18 00:00:00,projected,536,0,0,0,covid_all_bed
2020-06-19 00:00:00,projected,536,0,0,0,covid_all_bed
2020-06-20 00:00:00,projected,536,0,0,0,covid_all_bed
2020-06-21 00:00:00,projected,536,0,0,0,covid_all_bed
2020-06-22 00:00:00,projected,536,0,0,0,covid_all_bed
2020-06-23 00:00:00,projected,536,0,0,0,covid_all_bed
2020-06-24 00:00:00,projected,536,0,0,0,covid_all_bed
2020-06-25 00:00:00,projected,536,0,0,0,covid_all_bed
2020-06-26 00:00:00,projected,536,0,0,0,covid_all_bed
2020-06-27 00:00:00,projected,536,0,0,0,covid_all_bed
2020-06-28 00:00:00,projected,536,0,0,0,covid_all_bed
2020-06-29 00:00:00,projected,536,0,0,0,covid_all_bed
2020-06-30 00:00:00,projected,536,0,0,0,covid_all_bed
2020-07-01 00:00:00,projected,536,0,0,0,covid_all_bed
2020-07-02 00:00:00,projected,536,0,0,0,covid_all_bed
2020-07-03 00:00:00,projected,536,0,0,0,covid_all_bed
2020-07-04 00:00:00,projected,536,0,0,0,covid_all_bed
2020-07-05 00:00:00,projected,536,0,0,0,covid_all_bed
2020-07-06 00:00:00,projected,536,0,0,0,covid_all_bed
2020-07-07 00:00:00,projected,536,0,0,0,covid_all_bed
2020-07-08 00:00:00,projected,536,0,0,0,covid_all_bed
2020-07-09 00:00:00,projected,536,0,0,0,covid_all_bed
2020-07-10 00:00:00,projected,536,0,0,0,covid_all_bed
2020-07-11 00:00:00,projected,536,0,0,0,covid_all_bed
2020-07-12 00:00:00,projected,536,0,0,0,covid_all_bed
2020-07-13 00:00:00,projected,536,0,0,0,covid_all_bed
2020-07-14 00:00:00,projected,536,0,0,0,covid_all_bed
2020-07-15 00:00:00,projected,536,0,0,0,covid_all_bed
2020-07-16 00:00:00,projected,536,0,0,0,covid_all_bed
2020-07-17 00:00:00,projected,536,0,0,0,covid_all_bed
2020-07-18 00:00:00,projected,536,0,0,0,covid_all_bed
2020-07-19 00:00:00,projected,536,0,0,0,covid_all_bed
2020-07-20 00:00:00,projected,536,0,0,0,covid_all_bed
2020-07-21 00:00:00,projected,536,0,0,0,covid_all_bed
2020-07-22 00:00:00,projected,536,0,0,0,covid_all_bed
2020-07-23 00:00:00,projected,536,0,0,0,covid_all_bed
2020-07-24 00:00:00,projected,536,0,0,0,covid_all_bed
2020-07-25 00:00:00,projected,536,0,0,0,covid_all_bed
2020-07-26 00:00:00,projected,536,0,0,0,covid_all_bed
2020-07-27 00:00:00,projected,536,0,0,0,covid_all_bed
2020-07-28 00:00:00,projected,536,0,0,0,covid_all_bed
2020-07-29 00:00:00,projected,536,0,0,0,covid_all_bed
2020-07-30 00:00:00,projected,536,0,0,0,covid_all_bed
2020-07-31 00:00:00,projected,536,0,0,0,covid_all_bed
2020-08-01 00:00:00,projected,536,0,0,0,covid_all_bed
2020-08-02 00:00:00,projected,536,0,0,0,covid_all_bed
2020-08-03 00:00:00,projected,536,0,0,0,covid_all_bed
2020-08-04 00:00:00,projected,536,0,0,0,covid_all_bed
2020-01-03 00:00:00,projected,536,0,0,0,covid_ICU_bed
2020-01-04 00:00:00,projected,536,0,0,0,covid_ICU_bed
2020-01-05 00:00:00,projected,536,0,0,0,covid_ICU_bed
2020-01-06 00:00:00,projected,536,0,0,0,covid_ICU_bed
2020-01-07 00:00:00,projected,536,0,0,0,covid_ICU_bed
2020-01-08 00:00:00,projected,536,0,0,0,covid_ICU_bed
2020-01-09 00:00:00,projected,536,0,0,0,covid_ICU_bed
2020-01-10 00:00:00,projected,536,0,0,0,covid_ICU_bed
2020-01-11 00:00:00,projected,536,0,0,0,covid_ICU_bed
2020-01-12 00:00:00,projected,536,0,0,0,covid_ICU_bed
2020-01-13 00:00:00,projected,536,0,0,0,covid_ICU_bed
2020-01-14 00:00:00,projected,536,0,0,0,covid_ICU_bed
2020-01-15 00:00:00,projected,536,0,0,0,covid_ICU_bed
2020-01-16 00:00:00,projected,536,0,0,0,covid_ICU_bed
2020-01-17 00:00:00,projected,536,0,0,0,covid_ICU_bed
2020-01-18 00:00:00,projected,536,0,0,0,covid_ICU_bed
2020-01-19 00:00:00,projected,536,0,0,0,covid_ICU_bed
2020-01-20 00:00:00,projected,536,0,0,0,covid_ICU_bed
2020-01-21 00:00:00,projected,536,0,0,0,covid_ICU_bed
2020-01-22 00:00:00,projected,536,0,0,0,covid_ICU_bed
2020-01-23 00:00:00,projected,536,0,0,0,covid_ICU_bed
2020-01-24 00:00:00,projected,536,0,0,0,covid_ICU_bed
2020-01-25 00:00:00,projected,536,0,0,0,covid_ICU_bed
2020-01-26 00:00:00,projected,536,0,0,0,covid_ICU_bed
2020-01-27 00:00:00,projected,536,0,0,0,covid_ICU_bed
2020-01-28 00:00:00,projected,536,0,0,0,covid_ICU_bed
2020-01-29 00:00:00,projected,536,0,0,0,covid_ICU_bed
2020-01-30 00:00:00,projected,536,0,0,0,covid_ICU_bed
2020-01-31 00:00:00,projected,536,0,0,0,covid_ICU_bed
2020-02-01 00:00:00,projected,536,0,0,0,covid_ICU_bed
2020-02-02 00:00:00,projected,536,0,0,0,covid_ICU_bed
2020-02-03 00:00:00,projected,536,0,0,0,covid_ICU_bed
2020-02-04 00:00:00,projected,536,0,0,0,covid_ICU_bed
2020-02-05 00:00:00,projected,536,0,0,0,covid_ICU_bed
2020-02-06 00:00:00,projected,536,0,0,0,covid_ICU_bed
2020-02-07 00:00:00,projected,536,0,0,0,covid_ICU_bed
2020-02-08 00:00:00,projected,536,0,0,0,covid_ICU_bed
2020-02-09 00:00:00,projected,536,0,0,0,covid_ICU_bed
2020-02-10 00:00:00,projected,536,0,0,0,covid_ICU_bed
2020-02-11 00:00:00,projected,536,0,0,0,covid_ICU_bed
2020-02-12 00:00:00,projected,536,0,0,0,covid_ICU_bed
2020-02-13 00:00:00,projected,536,0,0,0,covid_ICU_bed
2020-02-14 00:00:00,projected,536,0,0,0,covid_ICU_bed
2020-02-15 00:00:00,projected,536,0,0,0,covid_ICU_bed
2020-02-16 00:00:00,projected,536,0,0,0,covid_ICU_bed
2020-02-17 00:00:00,projected,536,0,0,0,covid_ICU_bed
2020-02-18 00:00:00,projected,536,0,0,0,covid_ICU_bed
2020-02-19 00:00:00,projected,536,0,0,0,covid_ICU_bed
2020-02-20 00:00:00,projected,536,0,0,0,covid_ICU_bed
2020-02-21 00:00:00,projected,536,0,0,0,covid_ICU_bed
2020-02-22 00:00:00,projected,536,0,0,0,covid_ICU_bed
2020-02-23 00:00:00,projected,536,0,0,0,covid_ICU_bed
2020-02-24 00:00:00,projected,536,0,0,0,covid_ICU_bed
2020-02-25 00:00:00,projected,536,0,0,0,covid_ICU_bed
2020-02-26 00:00:00,projected,536,0,0,0,covid_ICU_bed
2020-02-27 00:00:00,projected,536,0,0,0,covid_ICU_bed
2020-02-28 00:00:00,projected,536,0,0,0,covid_ICU_bed
2020-02-29 00:00:00,projected,536,0,0,0,covid_ICU_bed
2020-03-01 00:00:00,projected,536,0,0,0,covid_ICU_bed
2020-03-02 00:00:00,projected,536,0,0,0,covid_ICU_bed
2020-03-03 00:00:00,projected,536,0,0,0,covid_ICU_bed
2020-03-04 00:00:00,projected,536,0,0,0,covid_ICU_bed
2020-03-05 00:00:00,projected,536,0,0,0,covid_ICU_bed
2020-03-06 00:00:00,projected,536,0,0,0,covid_ICU_bed
2020-03-07 00:00:00,projected,536,0,0,0,covid_ICU_bed
2020-03-08 00:00:00,projected,536,0,0,0,covid_ICU_bed
2020-03-09 00:00:00,projected,536,0,0,0,covid_ICU_bed
2020-03-10 00:00:00,projected,536,0,0,0,covid_ICU_bed
2020-03-11 00:00:00,projected,536,0,0,0,covid_ICU_bed
2020-03-12 00:00:00,projected,536,1,1,1,covid_ICU_bed
2020-03-13 00:00:00,projected,536,1,1,1,covid_ICU_bed
2020-03-14 00:00:00,projected,536,4,4,4,covid_ICU_bed
2020-03-15 00:00:00,projected,536,5,6,5,covid_ICU_bed
2020-03-16 00:00:00,projected,536,6,7,6,covid_ICU_bed
2020-03-17 00:00:00,projected,536,10,11,10,covid_ICU_bed
2020-03-18 00:00:00,projected,536,13,14,12,covid_ICU_bed
2020-03-19 00:00:00,projected,536,17,18,16,covid_ICU_bed
2020-03-20 00:00:00,projected,536,18,19,17,covid_ICU_bed
2020-03-21 00:00:00,projected,536,25,27,24,covid_ICU_bed
2020-03-22 00:00:00,projected,536,34,35,33,covid_ICU_bed
2020-03-23 00:00:00,projected,536,45,47,44,covid_ICU_bed
2020-03-24 00:00:00,projected,536,64,65,62,covid_ICU_bed
2020-03-25 00:00:00,projected,536,70,71,68,covid_ICU_bed
2020-03-26 00:00:00,projected,536,97,100,95,covid_ICU_bed
2020-03-27 00:00:00,projected,536,139,143,137,covid_ICU_bed
2020-03-28 00:00:00,projected,536,156,159,153,covid_ICU_bed
2020-03-29 00:00:00,projected,536,199,203,196,covid_ICU_bed
2020-03-30 00:00:00,projected,536,229,233,225,covid_ICU_bed
2020-03-31 00:00:00,projected,536,259,264,255,covid_ICU_bed
2020-04-01 00:00:00,projected,536,283,289,278,covid_ICU_bed
2020-04-02 00:00:00,projected,536,254,259,249,covid_ICU_bed
2020-04-03 00:00:00,projected,536,316,406,273,covid_ICU_bed
2020-04-04 00:00:00,projected,536,351,528,268,covid_ICU_bed
2020-04-05 00:00:00,projected,536,388,620,268,covid_ICU_bed
2020-04-06 00:00:00,projected,536,459,778,283,covid_ICU_bed
2020-04-07 00:00:00,projected,536,541,997,292,covid_ICU_bed
2020-04-08 00:00:00,projected,536,634,1172,337,covid_ICU_bed
2020-04-09 00:00:00,projected,536,661,1280,320,covid_ICU_bed
2020-04-10 00:00:00,projected,536,696,1487,325,covid_ICU_bed
2020-04-11 00:00:00,projected,536,710,1754,327,covid_ICU_bed
2020-04-12 00:00:00,projected,536,717,1711,315,covid_ICU_bed
2020-04-13 00:00:00,projected,536,718,1836,315,covid_ICU_bed
2020-04-14 00:00:00,projected,536,725,1918,302,covid_ICU_bed
2020-04-15 00:00:00,projected,536,728,1808,300,covid_ICU_bed
2020-04-16 00:00:00,projected,536,735,1771,320,covid_ICU_bed
2020-04-17 00:00:00,projected,536,737,1679,338,covid_ICU_bed
2020-04-18 00:00:00,projected,536,745,1609,375,covid_ICU_bed
2020-04-19 00:00:00,projected,536,711,1258,387,covid_ICU_bed
2020-04-20 00:00:00,projected,536,670,1130,387,covid_ICU_bed
2020-04-21 00:00:00,projected,536,619,1033,374,covid_ICU_bed
2020-04-22 00:00:00,projected,536,561,928,351,covid_ICU_bed
2020-04-23 00:00:00,projected,536,494,857,315,covid_ICU_bed
2020-04-24 00:00:00,projected,536,429,755,274,covid_ICU_bed
2020-04-25 00:00:00,projected,536,364,648,232,covid_ICU_bed
2020-04-26 00:00:00,projected,536,306,580,192,covid_ICU_bed
2020-04-27 00:00:00,projected,536,254,494,157,covid_ICU_bed
2020-04-28 00:00:00,projected,536,211,415,130,covid_ICU_bed
2020-04-29 00:00:00,projected,536,174,309,110,covid_ICU_bed
2020-04-30 00:00:00,projected,536,146,226,95,covid_ICU_bed
2020-05-01 00:00:00,projected,536,119,168,81,covid_ICU_bed
2020-05-02 00:00:00,projected,536,94,128,68,covid_ICU_bed
2020-05-03 00:00:00,projected,536,72,91,55,covid_ICU_bed
2020-05-04 00:00:00,projected,536,53,68,41,covid_ICU_bed
2020-05-05 00:00:00,projected,536,37,46,28,covid_ICU_bed
2020-05-06 00:00:00,projected,536,23,30,17,covid_ICU_bed
2020-05-07 00:00:00,projected,536,13,18,9,covid_ICU_bed
2020-05-08 00:00:00,projected,536,6,10,3,covid_ICU_bed
2020-05-09 00:00:00,projected,536,2,5,1,covid_ICU_bed
2020-05-10 00:00:00,projected,536,2,4,0,covid_ICU_bed
2020-05-11 00:00:00,projected,536,1,3,0,covid_ICU_bed
2020-05-12 00:00:00,projected,536,1,2,0,covid_ICU_bed
2020-05-13 00:00:00,projected,536,0,1,0,covid_ICU_bed
2020-05-14 00:00:00,projected,536,0,1,0,covid_ICU_bed
2020-05-15 00:00:00,projected,536,0,1,0,covid_ICU_bed
2020-05-16 00:00:00,projected,536,0,0,0,covid_ICU_bed
2020-05-17 00:00:00,projected,536,0,0,0,covid_ICU_bed
2020-05-18 00:00:00,projected,536,0,0,0,covid_ICU_bed
2020-05-19 00:00:00,projected,536,0,0,0,covid_ICU_bed
2020-05-20 00:00:00,projected,536,0,0,0,covid_ICU_bed
2020-05-21 00:00:00,projected,536,0,0,0,covid_ICU_bed
2020-05-22 00:00:00,projected,536,0,0,0,covid_ICU_bed
2020-05-23 00:00:00,projected,536,0,0,0,covid_ICU_bed
2020-05-24 00:00:00,projected,536,0,0,0,covid_ICU_bed
2020-05-25 00:00:00,projected,536,0,0,0,covid_ICU_bed
2020-05-26 00:00:00,projected,536,0,0,0,covid_ICU_bed
2020-05-27 00:00:00,projected,536,0,0,0,covid_ICU_bed
2020-05-28 00:00:00,projected,536,0,0,0,covid_ICU_bed
2020-05-29 00:00:00,projected,536,0,0,0,covid_ICU_bed
2020-05-30 00:00:00,projected,536,0,0,0,covid_ICU_bed
2020-05-31 00:00:00,projected,536,0,0,0,covid_ICU_bed
2020-06-01 00:00:00,projected,536,0,0,0,covid_ICU_bed
2020-06-02 00:00:00,projected,536,0,0,0,covid_ICU_bed
2020-06-03 00:00:00,projected,536,0,0,0,covid_ICU_bed
2020-06-04 00:00:00,projected,536,0,0,0,covid_ICU_bed
2020-06-05 00:00:00,projected,536,0,0,0,covid_ICU_bed
2020-06-06 00:00:00,projected,536,0,0,0,covid_ICU_bed
2020-06-07 00:00:00,projected,536,0,0,0,covid_ICU_bed
2020-06-08 00:00:00,projected,536,0,0,0,covid_ICU_bed
2020-06-09 00:00:00,projected,536,0,0,0,covid_ICU_bed
2020-06-10 00:00:00,projected,536,0,0,0,covid_ICU_bed
2020-06-11 00:00:00,projected,536,0,0,0,covid_ICU_bed
2020-06-12 00:00:00,projected,536,0,0,0,covid_ICU_bed
2020-06-13 00:00:00,projected,536,0,0,0,covid_ICU_bed
2020-06-14 00:00:00,projected,536,0,0,0,covid_ICU_bed
2020-06-15 00:00:00,projected,536,0,0,0,covid_ICU_bed
2020-06-16 00:00:00,projected,536,0,0,0,covid_ICU_bed
2020-06-17 00:00:00,projected,536,0,0,0,covid_ICU_bed
2020-06-18 00:00:00,projected,536,0,0,0,covid_ICU_bed
2020-06-19 00:00:00,projected,536,0,0,0,covid_ICU_bed
2020-06-20 00:00:00,projected,536,0,0,0,covid_ICU_bed
2020-06-21 00:00:00,projected,536,0,0,0,covid_ICU_bed
2020-06-22 00:00:00,projected,536,0,0,0,covid_ICU_bed
2020-06-23 00:00:00,projected,536,0,0,0,covid_ICU_bed
2020-06-24 00:00:00,projected,536,0,0,0,covid_ICU_bed
2020-06-25 00:00:00,projected,536,0,0,0,covid_ICU_bed
2020-06-26 00:00:00,projected,536,0,0,0,covid_ICU_bed
2020-06-27 00:00:00,projected,536,0,0,0,covid_ICU_bed
2020-06-28 00:00:00,projected,536,0,0,0,covid_ICU_bed
2020-06-29 00:00:00,projected,536,0,0,0,covid_ICU_bed
2020-06-30 00:00:00,projected,536,0,0,0,covid_ICU_bed
2020-07-01 00:00:00,projected,536,0,0,0,covid_ICU_bed
2020-07-02 00:00:00,projected,536,0,0,0,covid_ICU_bed
2020-07-03 00:00:00,projected,536,0,0,0,covid_ICU_bed
2020-07-04 00:00:00,projected,536,0,0,0,covid_ICU_bed
2020-07-05 00:00:00,projected,536,0,0,0,covid_ICU_bed
2020-07-06 00:00:00,projected,536,0,0,0,covid_ICU_bed
2020-07-07 00:00:00,projected,536,0,0,0,covid_ICU_bed
2020-07-08 00:00:00,projected,536,0,0,0,covid_ICU_bed
2020-07-09 00:00:00,projected,536,0,0,0,covid_ICU_bed
2020-07-10 00:00:00,projected,536,0,0,0,covid_ICU_bed
2020-07-11 00:00:00,projected,536,0,0,0,covid_ICU_bed
2020-07-12 00:00:00,projected,536,0,0,0,covid_ICU_bed
2020-07-13 00:00:00,projected,536,0,0,0,covid_ICU_bed
2020-07-14 00:00:00,projected,536,0,0,0,covid_ICU_bed
2020-07-15 00:00:00,projected,536,0,0,0,covid_ICU_bed
2020-07-16 00:00:00,projected,536,0,0,0,covid_ICU_bed
2020-07-17 00:00:00,projected,536,0,0,0,covid_ICU_bed
2020-07-18 00:00:00,projected,536,0,0,0,covid_ICU_bed
2020-07-19 00:00:00,projected,536,0,0,0,covid_ICU_bed
2020-07-20 00:00:00,projected,536,0,0,0,covid_ICU_bed
2020-07-21 00:00:00,projected,536,0,0,0,covid_ICU_bed
2020-07-22 00:00:00,projected,536,0,0,0,covid_ICU_bed
2020-07-23 00:00:00,projected,536,0,0,0,covid_ICU_bed
2020-07-24 00:00:00,projected,536,0,0,0,covid_ICU_bed
2020-07-25 00:00:00,projected,536,0,0,0,covid_ICU_bed
2020-07-26 00:00:00,projected,536,0,0,0,covid_ICU_bed
2020-07-27 00:00:00,projected,536,0,0,0,covid_ICU_bed
2020-07-28 00:00:00,projected,536,0,0,0,covid_ICU_bed
2020-07-29 00:00:00,projected,536,0,0,0,covid_ICU_bed
2020-07-30 00:00:00,projected,536,0,0,0,covid_ICU_bed
2020-07-31 00:00:00,projected,536,0,0,0,covid_ICU_bed
2020-08-01 00:00:00,projected,536,0,0,0,covid_ICU_bed
2020-08-02 00:00:00,projected,536,0,0,0,covid_ICU_bed
2020-08-03 00:00:00,projected,536,0,0,0,covid_ICU_bed
2020-08-04 00:00:00,projected,536,0,0,0,covid_ICU_bed
2020-01-03 00:00:00,projected,536,0,0,0,invasive_ventilation
2020-01-04 00:00:00,projected,536,0,0,0,invasive_ventilation
2020-01-05 00:00:00,projected,536,0,0,0,invasive_ventilation
2020-01-06 00:00:00,projected,536,0,0,0,invasive_ventilation
2020-01-07 00:00:00,projected,536,0,0,0,invasive_ventilation
2020-01-08 00:00:00,projected,536,0,0,0,invasive_ventilation
2020-01-09 00:00:00,projected,536,0,0,0,invasive_ventilation
2020-01-10 00:00:00,projected,536,0,0,0,invasive_ventilation
2020-01-11 00:00:00,projected,536,0,0,0,invasive_ventilation
2020-01-12 00:00:00,projected,536,0,0,0,invasive_ventilation
2020-01-13 00:00:00,projected,536,0,0,0,invasive_ventilation
2020-01-14 00:00:00,projected,536,0,0,0,invasive_ventilation
2020-01-15 00:00:00,projected,536,0,0,0,invasive_ventilation
2020-01-16 00:00:00,projected,536,0,0,0,invasive_ventilation
2020-01-17 00:00:00,projected,536,0,0,0,invasive_ventilation
2020-01-18 00:00:00,projected,536,0,0,0,invasive_ventilation
2020-01-19 00:00:00,projected,536,0,0,0,invasive_ventilation
2020-01-20 00:00:00,projected,536,0,0,0,invasive_ventilation
2020-01-21 00:00:00,projected,536,0,0,0,invasive_ventilation
2020-01-22 00:00:00,projected,536,0,0,0,invasive_ventilation
2020-01-23 00:00:00,projected,536,0,0,0,invasive_ventilation
2020-01-24 00:00:00,projected,536,0,0,0,invasive_ventilation
2020-01-25 00:00:00,projected,536,0,0,0,invasive_ventilation
2020-01-26 00:00:00,projected,536,0,0,0,invasive_ventilation
2020-01-27 00:00:00,projected,536,0,0,0,invasive_ventilation
2020-01-28 00:00:00,projected,536,0,0,0,invasive_ventilation
2020-01-29 00:00:00,projected,536,0,0,0,invasive_ventilation
2020-01-30 00:00:00,projected,536,0,0,0,invasive_ventilation
2020-01-31 00:00:00,projected,536,0,0,0,invasive_ventilation
2020-02-01 00:00:00,projected,536,0,0,0,invasive_ventilation
2020-02-02 00:00:00,projected,536,0,0,0,invasive_ventilation
2020-02-03 00:00:00,projected,536,0,0,0,invasive_ventilation
2020-02-04 00:00:00,projected,536,0,0,0,invasive_ventilation
2020-02-05 00:00:00,projected,536,0,0,0,invasive_ventilation
2020-02-06 00:00:00,projected,536,0,0,0,invasive_ventilation
2020-02-07 00:00:00,projected,536,0,0,0,invasive_ventilation
2020-02-08 00:00:00,projected,536,0,0,0,invasive_ventilation
2020-02-09 00:00:00,projected,536,0,0,0,invasive_ventilation
2020-02-10 00:00:00,projected,536,0,0,0,invasive_ventilation
2020-02-11 00:00:00,projected,536,0,0,0,invasive_ventilation
2020-02-12 00:00:00,projected,536,0,0,0,invasive_ventilation
2020-02-13 00:00:00,projected,536,0,0,0,invasive_ventilation
2020-02-14 00:00:00,projected,536,0,0,0,invasive_ventilation
2020-02-15 00:00:00,projected,536,0,0,0,invasive_ventilation
2020-02-16 00:00:00,projected,536,0,0,0,invasive_ventilation
2020-02-17 00:00:00,projected,536,0,0,0,invasive_ventilation
2020-02-18 00:00:00,projected,536,0,0,0,invasive_ventilation
2020-02-19 00:00:00,projected,536,0,0,0,invasive_ventilation
2020-02-20 00:00:00,projected,536,0,0,0,invasive_ventilation
2020-02-21 00:00:00,projected,536,0,0,0,invasive_ventilation
2020-02-22 00:00:00,projected,536,0,0,0,invasive_ventilation
2020-02-23 00:00:00,projected,536,0,0,0,invasive_ventilation
2020-02-24 00:00:00,projected,536,0,0,0,invasive_ventilation
2020-02-25 00:00:00,projected,536,0,0,0,invasive_ventilation
2020-02-26 00:00:00,projected,536,0,0,0,invasive_ventilation
2020-02-27 00:00:00,projected,536,0,0,0,invasive_ventilation
2020-02-28 00:00:00,projected,536,0,0,0,invasive_ventilation
2020-02-29 00:00:00,projected,536,0,0,0,invasive_ventilation
2020-03-01 00:00:00,projected,536,0,0,0,invasive_ventilation
2020-03-02 00:00:00,projected,536,0,0,0,invasive_ventilation
2020-03-03 00:00:00,projected,536,0,0,0,invasive_ventilation
2020-03-04 00:00:00,projected,536,0,0,0,invasive_ventilation
2020-03-05 00:00:00,projected,536,0,0,0,invasive_ventilation
2020-03-06 00:00:00,projected,536,0,0,0,invasive_ventilation
2020-03-07 00:00:00,projected,536,0,0,0,invasive_ventilation
2020-03-08 00:00:00,projected,536,0,0,0,invasive_ventilation
2020-03-09 00:00:00,projected,536,0,0,0,invasive_ventilation
2020-03-10 00:00:00,projected,536,0,0,0,invasive_ventilation
2020-03-11 00:00:00,projected,536,0,0,0,invasive_ventilation
2020-03-12 00:00:00,projected,536,1,1,1,invasive_ventilation
2020-03-13 00:00:00,projected,536,1,1,1,invasive_ventilation
2020-03-14 00:00:00,projected,536,3,4,3,invasive_ventilation
2020-03-15 00:00:00,projected,536,5,5,4,invasive_ventilation
2020-03-16 00:00:00,projected,536,5,6,5,invasive_ventilation
2020-03-17 00:00:00,projected,536,9,10,8,invasive_ventilation
2020-03-18 00:00:00,projected,536,11,12,10,invasive_ventilation
2020-03-19 00:00:00,projected,536,15,16,14,invasive_ventilation
2020-03-20 00:00:00,projected,536,16,17,14,invasive_ventilation
2020-03-21 00:00:00,projected,536,22,23,20,invasive_ventilation
2020-03-22 00:00:00,projected,536,29,30,27,invasive_ventilation
2020-03-23 00:00:00,projected,536,38,40,37,invasive_ventilation
2020-03-24 00:00:00,projected,536,54,56,52,invasive_ventilation
2020-03-25 00:00:00,projected,536,59,62,57,invasive_ventilation
2020-03-26 00:00:00,projected,536,83,86,80,invasive_ventilation
2020-03-27 00:00:00,projected,536,119,122,115,invasive_ventilation
2020-03-28 00:00:00,projected,536,132,136,129,invasive_ventilation
2020-03-29 00:00:00,projected,536,169,173,165,invasive_ventilation
2020-03-30 00:00:00,projected,536,194,199,190,invasive_ventilation
2020-03-31 00:00:00,projected,536,220,226,215,invasive_ventilation
2020-04-01 00:00:00,projected,536,241,246,236,invasive_ventilation
2020-04-02 00:00:00,projected,536,216,221,210,invasive_ventilation
2020-04-03 00:00:00,projected,536,269,347,231,invasive_ventilation
2020-04-04 00:00:00,projected,536,298,447,228,invasive_ventilation
2020-04-05 00:00:00,projected,536,330,525,228,invasive_ventilation
2020-04-06 00:00:00,projected,536,390,660,240,invasive_ventilation
2020-04-07 00:00:00,projected,536,460,855,247,invasive_ventilation
2020-04-08 00:00:00,projected,536,539,997,284,invasive_ventilation
2020-04-09 00:00:00,projected,536,562,1091,272,invasive_ventilation
2020-04-10 00:00:00,projected,536,591,1269,276,invasive_ventilation
2020-04-11 00:00:00,projected,536,604,1494,276,invasive_ventilation
2020-04-12 00:00:00,projected,536,609,1463,267,invasive_ventilation
2020-04-13 00:00:00,projected,536,610,1550,267,invasive_ventilation
2020-04-14 00:00:00,projected,536,617,1621,258,invasive_ventilation
2020-04-15 00:00:00,projected,536,619,1529,256,invasive_ventilation
2020-04-16 00:00:00,projected,536,625,1512,273,invasive_ventilation
2020-04-17 00:00:00,projected,536,627,1424,287,invasive_ventilation
2020-04-18 00:00:00,projected,536,633,1362,322,invasive_ventilation
2020-04-19 00:00:00,projected,536,605,1072,330,invasive_ventilation
2020-04-20 00:00:00,projected,536,570,963,330,invasive_ventilation
2020-04-21 00:00:00,projected,536,526,888,317,invasive_ventilation
2020-04-22 00:00:00,projected,536,476,788,299,invasive_ventilation
2020-04-23 00:00:00,projected,536,419,730,267,invasive_ventilation
2020-04-24 00:00:00,projected,536,364,642,233,invasive_ventilation
2020-04-25 00:00:00,projected,536,309,546,197,invasive_ventilation
2020-04-26 00:00:00,projected,536,260,490,163,invasive_ventilation
2020-04-27 00:00:00,projected,536,216,422,133,invasive_ventilation
2020-04-28 00:00:00,projected,536,179,352,110,invasive_ventilation
2020-04-29 00:00:00,projected,536,148,262,93,invasive_ventilation
2020-04-30 00:00:00,projected,536,124,193,82,invasive_ventilation
2020-05-01 00:00:00,projected,536,101,142,68,invasive_ventilation
2020-05-02 00:00:00,projected,536,79,109,57,invasive_ventilation
2020-05-03 00:00:00,projected,536,61,78,46,invasive_ventilation
2020-05-04 00:00:00,projected,536,45,57,34,invasive_ventilation
2020-05-05 00:00:00,projected,536,31,39,23,invasive_ventilation
2020-05-06 00:00:00,projected,536,20,26,14,invasive_ventilation
2020-05-07 00:00:00,projected,536,11,15,7,invasive_ventilation
2020-05-08 00:00:00,projected,536,5,8,3,invasive_ventilation
2020-05-09 00:00:00,projected,536,2,4,0,invasive_ventilation
2020-05-10 00:00:00,projected,536,1,3,0,invasive_ventilation
2020-05-11 00:00:00,projected,536,1,2,0,invasive_ventilation
2020-05-12 00:00:00,projected,536,1,2,0,invasive_ventilation
2020-05-13 00:00:00,projected,536,0,1,0,invasive_ventilation
2020-05-14 00:00:00,projected,536,0,1,0,invasive_ventilation
2020-05-15 00:00:00,projected,536,0,0,0,invasive_ventilation
2020-05-16 00:00:00,projected,536,0,0,0,invasive_ventilation
2020-05-17 00:00:00,projected,536,0,0,0,invasive_ventilation
2020-05-18 00:00:00,projected,536,0,0,0,invasive_ventilation
2020-05-19 00:00:00,projected,536,0,0,0,invasive_ventilation
2020-05-20 00:00:00,projected,536,0,0,0,invasive_ventilation
2020-05-21 00:00:00,projected,536,0,0,0,invasive_ventilation
2020-05-22 00:00:00,projected,536,0,0,0,invasive_ventilation
2020-05-23 00:00:00,projected,536,0,0,0,invasive_ventilation
2020-05-24 00:00:00,projected,536,0,0,0,invasive_ventilation
2020-05-25 00:00:00,projected,536,0,0,0,invasive_ventilation
2020-05-26 00:00:00,projected,536,0,0,0,invasive_ventilation
2020-05-27 00:00:00,projected,536,0,0,0,invasive_ventilation
2020-05-28 00:00:00,projected,536,0,0,0,invasive_ventilation
2020-05-29 00:00:00,projected,536,0,0,0,invasive_ventilation
2020-05-30 00:00:00,projected,536,0,0,0,invasive_ventilation
2020-05-31 00:00:00,projected,536,0,0,0,invasive_ventilation
2020-06-01 00:00:00,projected,536,0,0,0,invasive_ventilation
2020-06-02 00:00:00,projected,536,0,0,0,invasive_ventilation
2020-06-03 00:00:00,projected,536,0,0,0,invasive_ventilation
2020-06-04 00:00:00,projected,536,0,0,0,invasive_ventilation
2020-06-05 00:00:00,projected,536,0,0,0,invasive_ventilation
2020-06-06 00:00:00,projected,536,0,0,0,invasive_ventilation
2020-06-07 00:00:00,projected,536,0,0,0,invasive_ventilation
2020-06-08 00:00:00,projected,536,0,0,0,invasive_ventilation
2020-06-09 00:00:00,projected,536,0,0,0,invasive_ventilation
2020-06-10 00:00:00,projected,536,0,0,0,invasive_ventilation
2020-06-11 00:00:00,projected,536,0,0,0,invasive_ventilation
2020-06-12 00:00:00,projected,536,0,0,0,invasive_ventilation
2020-06-13 00:00:00,projected,536,0,0,0,invasive_ventilation
2020-06-14 00:00:00,projected,536,0,0,0,invasive_ventilation
2020-06-15 00:00:00,projected,536,0,0,0,invasive_ventilation
2020-06-16 00:00:00,projected,536,0,0,0,invasive_ventilation
2020-06-17 00:00:00,projected,536,0,0,0,invasive_ventilation
2020-06-18 00:00:00,projected,536,0,0,0,invasive_ventilation
2020-06-19 00:00:00,projected,536,0,0,0,invasive_ventilation
2020-06-20 00:00:00,projected,536,0,0,0,invasive_ventilation
2020-06-21 00:00:00,projected,536,0,0,0,invasive_ventilation
2020-06-22 00:00:00,projected,536,0,0,0,invasive_ventilation
2020-06-23 00:00:00,projected,536,0,0,0,invasive_ventilation
2020-06-24 00:00:00,projected,536,0,0,0,invasive_ventilation
2020-06-25 00:00:00,projected,536,0,0,0,invasive_ventilation
2020-06-26 00:00:00,projected,536,0,0,0,invasive_ventilation
2020-06-27 00:00:00,projected,536,0,0,0,invasive_ventilation
2020-06-28 00:00:00,projected,536,0,0,0,invasive_ventilation
2020-06-29 00:00:00,projected,536,0,0,0,invasive_ventilation
2020-06-30 00:00:00,projected,536,0,0,0,invasive_ventilation
2020-07-01 00:00:00,projected,536,0,0,0,invasive_ventilation
2020-07-02 00:00:00,projected,536,0,0,0,invasive_ventilation
2020-07-03 00:00:00,projected,536,0,0,0,invasive_ventilation
2020-07-04 00:00:00,projected,536,0,0,0,invasive_ventilation
2020-07-05 00:00:00,projected,536,0,0,0,invasive_ventilation
2020-07-06 00:00:00,projected,536,0,0,0,invasive_ventilation
2020-07-07 00:00:00,projected,536,0,0,0,invasive_ventilation
2020-07-08 00:00:00,projected,536,0,0,0,invasive_ventilation
2020-07-09 00:00:00,projected,536,0,0,0,invasive_ventilation
2020-07-10 00:00:00,projected,536,0,0,0,invasive_ventilation
2020-07-11 00:00:00,projected,536,0,0,0,invasive_ventilation
2020-07-12 00:00:00,projected,536,0,0,0,invasive_ventilation
2020-07-13 00:00:00,projected,536,0,0,0,invasive_ventilation
2020-07-14 00:00:00,projected,536,0,0,0,invasive_ventilation
2020-07-15 00:00:00,projected,536,0,0,0,invasive_ventilation
2020-07-16 00:00:00,projected,536,0,0,0,invasive_ventilation
2020-07-17 00:00:00,projected,536,0,0,0,invasive_ventilation
2020-07-18 00:00:00,projected,536,0,0,0,invasive_ventilation
2020-07-19 00:00:00,projected,536,0,0,0,invasive_ventilation
2020-07-20 00:00:00,projected,536,0,0,0,invasive_ventilation
2020-07-21 00:00:00,projected,536,0,0,0,invasive_ventilation
2020-07-22 00:00:00,projected,536,0,0,0,invasive_ventilation
2020-07-23 00:00:00,projected,536,0,0,0,invasive_ventilation
2020-07-24 00:00:00,projected,536,0,0,0,invasive_ventilation
2020-07-25 00:00:00,projected,536,0,0,0,invasive_ventilation
2020-07-26 00:00:00,projected,536,0,0,0,invasive_ventilation
2020-07-27 00:00:00,projected,536,0,0,0,invasive_ventilation
2020-07-28 00:00:00,projected,536,0,0,0,invasive_ventilation
2020-07-29 00:00:00,projected,536,0,0,0,invasive_ventilation
2020-07-30 00:00:00,projected,536,0,0,0,invasive_ventilation
2020-07-31 00:00:00,projected,536,0,0,0,invasive_ventilation
2020-08-01 00:00:00,projected,536,0,0,0,invasive_ventilation
2020-08-02 00:00:00,projected,536,0,0,0,invasive_ventilation
2020-08-03 00:00:00,projected,536,0,0,0,invasive_ventilation
2020-08-04 00:00:00,projected,536,0,0,0,invasive_ventilation
2020-04-08 00:00:00,projected,536,75,163,30,deaths
2020-04-09 00:00:00,projected,536,71,181,24,deaths
2020-04-10 00:00:00,projected,536,72,193,22,deaths
2020-04-11 00:00:00,projected,536,77,247,19,deaths
2020-04-12 00:00:00,projected,536,91,348,20,deaths
2020-04-13 00:00:00,projected,536,72,264,16,deaths
2020-04-14 00:00:00,projected,536,81,424,15,deaths
2020-04-15 00:00:00,projected,536,74,363,13,deaths
2020-04-16 00:00:00,projected,536,69,295,12,deaths
2020-04-17 00:00:00,projected,536,68,324,12,deaths
2020-04-18 00:00:00,projected,536,73,381,11,deaths
2020-04-19 00:00:00,projected,536,72,320,12,deaths
2020-04-20 00:00:00,projected,536,70,241,14,deaths
2020-04-21 00:00:00,projected,536,65,185,19,deaths
2020-04-22 00:00:00,projected,536,57,137,20,deaths
2020-04-23 00:00:00,projected,536,50,82,27,deaths
2020-04-24 00:00:00,projected,536,43,67,27,deaths
2020-04-25 00:00:00,projected,536,36,51,24,deaths
2020-04-26 00:00:00,projected,536,27,38,20,deaths
2020-04-27 00:00:00,projected,536,19,26,14,deaths
2020-04-28 00:00:00,projected,536,10,15,7,deaths
2020-04-29 00:00:00,projected,536,2,6,0,deaths
2020-04-30 00:00:00,projected,536,1,4,0,deaths
2020-05-01 00:00:00,projected,536,1,3,0,deaths
2020-05-02 00:00:00,projected,536,1,2,0,deaths
2020-05-03 00:00:00,projected,536,0,2,0,deaths
2020-05-04 00:00:00,projected,536,0,1,0,deaths
2020-05-05 00:00:00,projected,536,0,1,0,deaths
2020-05-06 00:00:00,projected,536,0,1,0,deaths
2020-05-07 00:00:00,projected,536,0,0,0,deaths
2020-05-08 00:00:00,projected,536,0,0,0,deaths
2020-05-09 00:00:00,projected,536,0,0,0,deaths
2020-05-10 00:00:00,projected,536,0,0,0,deaths
2020-05-11 00:00:00,projected,536,0,0,0,deaths
2020-05-12 00:00:00,projected,536,0,0,0,deaths
2020-05-13 00:00:00,projected,536,0,0,0,deaths
2020-05-14 00:00:00,projected,536,0,0,0,deaths
2020-05-15 00:00:00,projected,536,0,0,0,deaths
2020-05-16 00:00:00,projected,536,0,0,0,deaths
2020-05-17 00:00:00,projected,536,0,0,0,deaths
2020-05-18 00:00:00,projected,536,0,0,0,deaths
2020-05-19 00:00:00,projected,536,0,0,0,deaths
2020-05-20 00:00:00,projected,536,0,0,0,deaths
2020-05-21 00:00:00,projected,536,0,0,0,deaths
2020-05-22 00:00:00,projected,536,0,0,0,deaths
2020-05-23 00:00:00,projected,536,0,0,0,deaths
2020-05-24 00:00:00,projected,536,0,0,0,deaths
2020-05-25 00:00:00,projected,536,0,0,0,deaths
2020-05-26 00:00:00,projected,536,0,0,0,deaths
2020-05-27 00:00:00,projected,536,0,0,0,deaths
2020-05-28 00:00:00,projected,536,0,0,0,deaths
2020-05-29 00:00:00,projected,536,0,0,0,deaths
2020-05-30 00:00:00,projected,536,0,0,0,deaths
2020-05-31 00:00:00,projected,536,0,0,0,deaths
2020-06-01 00:00:00,projected,536,0,0,0,deaths
2020-06-02 00:00:00,projected,536,0,0,0,deaths
2020-06-03 00:00:00,projected,536,0,0,0,deaths
2020-06-04 00:00:00,projected,536,0,0,0,deaths
2020-06-05 00:00:00,projected,536,0,0,0,deaths
2020-06-06 00:00:00,projected,536,0,0,0,deaths
2020-06-07 00:00:00,projected,536,0,0,0,deaths
2020-06-08 00:00:00,projected,536,0,0,0,deaths
2020-06-09 00:00:00,projected,536,0,0,0,deaths
2020-06-10 00:00:00,projected,536,0,0,0,deaths
2020-06-11 00:00:00,projected,536,0,0,0,deaths
2020-06-12 00:00:00,projected,536,0,0,0,deaths
2020-06-13 00:00:00,projected,536,0,0,0,deaths
2020-06-14 00:00:00,projected,536,0,0,0,deaths
2020-06-15 00:00:00,projected,536,0,0,0,deaths
2020-06-16 00:00:00,projected,536,0,0,0,deaths
2020-06-17 00:00:00,projected,536,0,0,0,deaths
2020-06-18 00:00:00,projected,536,0,0,0,deaths
2020-06-19 00:00:00,projected,536,0,0,0,deaths
2020-06-20 00:00:00,projected,536,0,0,0,deaths
2020-06-21 00:00:00,projected,536,0,0,0,deaths
2020-06-22 00:00:00,projected,536,0,0,0,deaths
2020-06-23 00:00:00,projected,536,0,0,0,deaths
2020-06-24 00:00:00,projected,536,0,0,0,deaths
2020-06-25 00:00:00,projected,536,0,0,0,deaths
2020-06-26 00:00:00,projected,536,0,0,0,deaths
2020-06-27 00:00:00,projected,536,0,0,0,deaths
2020-06-28 00:00:00,projected,536,0,0,0,deaths
2020-06-29 00:00:00,projected,536,0,0,0,deaths
2020-06-30 00:00:00,projected,536,0,0,0,deaths
2020-07-01 00:00:00,projected,536,0,0,0,deaths
2020-07-02 00:00:00,projected,536,0,0,0,deaths
2020-07-03 00:00:00,projected,536,0,0,0,deaths
2020-07-04 00:00:00,projected,536,0,0,0,deaths
2020-07-05 00:00:00,projected,536,0,0,0,deaths
2020-07-06 00:00:00,projected,536,0,0,0,deaths
2020-07-07 00:00:00,projected,536,0,0,0,deaths
2020-07-08 00:00:00,projected,536,0,0,0,deaths
2020-07-09 00:00:00,projected,536,0,0,0,deaths
2020-07-10 00:00:00,projected,536,0,0,0,deaths
2020-07-11 00:00:00,projected,536,0,0,0,deaths
2020-07-12 00:00:00,projected,536,0,0,0,deaths
2020-07-13 00:00:00,projected,536,0,0,0,deaths
2020-07-14 00:00:00,projected,536,0,0,0,deaths
2020-07-15 00:00:00,projected,536,0,0,0,deaths
2020-07-16 00:00:00,projected,536,0,0,0,deaths
2020-07-17 00:00:00,projected,536,0,0,0,deaths
2020-07-18 00:00:00,projected,536,0,0,0,deaths
2020-07-19 00:00:00,projected,536,0,0,0,deaths
2020-07-20 00:00:00,projected,536,0,0,0,deaths
2020-07-21 00:00:00,projected,536,0,0,0,deaths
2020-07-22 00:00:00,projected,536,0,0,0,deaths
2020-07-23 00:00:00,projected,536,0,0,0,deaths
2020-07-24 00:00:00,projected,536,0,0,0,deaths
2020-07-25 00:00:00,projected,536,0,0,0,deaths
2020-07-26 00:00:00,projected,536,0,0,0,deaths
2020-07-27 00:00:00,projected,536,0,0,0,deaths
2020-07-28 00:00:00,projected,536,0,0,0,deaths
2020-07-29 00:00:00,projected,536,0,0,0,deaths
2020-07-30 00:00:00,projected,536,0,0,0,deaths
2020-07-31 00:00:00,projected,536,0,0,0,deaths
2020-08-01 00:00:00,projected,536,0,0,0,deaths
2020-08-02 00:00:00,projected,536,0,0,0,deaths
2020-08-03 00:00:00,projected,536,0,0,0,deaths
2020-08-04 00:00:00,projected,536,0,0,0,deaths
2020-04-08 00:00:00,projected,536,383,471,338,total_death
2020-04-09 00:00:00,projected,536,453,629,371,total_death
2020-04-10 00:00:00,projected,536,525,753,405,total_death
2020-04-11 00:00:00,projected,536,602,903,436,total_death
2020-04-12 00:00:00,projected,536,693,1118,471,total_death
2020-04-13 00:00:00,projected,536,765,1249,509,total_death
2020-04-14 00:00:00,projected,536,846,1454,532,total_death
2020-04-15 00:00:00,projected,536,920,1700,569,total_death
2020-04-16 00:00:00,projected,536,989,1928,596,total_death
2020-04-17 00:00:00,projected,536,1058,2011,630,total_death
2020-04-18 00:00:00,projected,536,1131,2253,653,total_death
2020-04-19 00:00:00,projected,536,1203,2364,705,total_death
2020-04-20 00:00:00,projected,536,1273,2478,733,total_death
2020-04-21 00:00:00,projected,536,1338,2537,785,total_death
2020-04-22 00:00:00,projected,536,1395,2599,835,total_death
2020-04-23 00:00:00,projected,536,1446,2638,887,total_death
2020-04-24 00:00:00,projected,536,1489,2691,921,total_death
2020-04-25 00:00:00,projected,536,1525,2725,956,total_death
2020-04-26 00:00:00,projected,536,1552,2757,982,total_death
2020-04-27 00:00:00,projected,536,1571,2775,998,total_death
2020-04-28 00:00:00,projected,536,1581,2783,1009,total_death
2020-04-29 00:00:00,projected,536,1583,2785,1009,total_death
2020-04-30 00:00:00,projected,536,1585,2787,1010,total_death
2020-05-01 00:00:00,projected,536,1586,2788,1011,total_death
2020-05-02 00:00:00,projected,536,1587,2789,1011,total_death
2020-05-03 00:00:00,projected,536,1587,2789,1011,total_death
2020-05-04 00:00:00,projected,536,1587,2789,1011,total_death
2020-05-05 00:00:00,projected,536,1588,2790,1011,total_death
2020-05-06 00:00:00,projected,536,1588,2790,1011,total_death
2020-05-07 00:00:00,projected,536,1588,2790,1011,total_death
2020-05-08 00:00:00,projected,536,1588,2790,1011,total_death
2020-05-09 00:00:00,projected,536,1588,2790,1011,total_death
2020-05-10 00:00:00,projected,536,1588,2790,1011,total_death
2020-05-11 00:00:00,projected,536,1588,2790,1011,total_death
2020-05-12 00:00:00,projected,536,1588,2790,1011,total_death
2020-05-13 00:00:00,projected,536,1588,2790,1011,total_death
2020-05-14 00:00:00,projected,536,1588,2790,1011,total_death
2020-05-15 00:00:00,projected,536,1588,2790,1011,total_death
2020-05-16 00:00:00,projected,536,1588,2790,1011,total_death
2020-05-17 00:00:00,projected,536,1588,2790,1011,total_death
2020-05-18 00:00:00,projected,536,1588,2790,1011,total_death
2020-05-19 00:00:00,projected,536,1588,2790,1011,total_death
2020-05-20 00:00:00,projected,536,1588,2790,1011,total_death
2020-05-21 00:00:00,projected,536,1588,2790,1011,total_death
2020-05-22 00:00:00,projected,536,1588,2790,1011,total_death
2020-05-23 00:00:00,projected,536,1588,2790,1011,total_death
2020-05-24 00:00:00,projected,536,1588,2790,1011,total_death
2020-05-25 00:00:00,projected,536,1588,2790,1011,total_death
2020-05-26 00:00:00,projected,536,1588,2790,1011,total_death
2020-05-27 00:00:00,projected,536,1588,2790,1011,total_death
2020-05-28 00:00:00,projected,536,1588,2790,1011,total_death
2020-05-29 00:00:00,projected,536,1588,2790,1011,total_death
2020-05-30 00:00:00,projected,536,1588,2790,1011,total_death
2020-05-31 00:00:00,projected,536,1588,2790,1011,total_death
2020-06-01 00:00:00,projected,536,1588,2790,1011,total_death
2020-06-02 00:00:00,projected,536,1588,2790,1011,total_death
2020-06-03 00:00:00,projected,536,1588,2790,1011,total_death
2020-06-04 00:00:00,projected,536,1588,2790,1011,total_death
2020-06-05 00:00:00,projected,536,1588,2790,1011,total_death
2020-06-06 00:00:00,projected,536,1588,2790,1011,total_death
2020-06-07 00:00:00,projected,536,1588,2790,1011,total_death
2020-06-08 00:00:00,projected,536,1588,2790,1011,total_death
2020-06-09 00:00:00,projected,536,1588,2790,1011,total_death
2020-06-10 00:00:00,projected,536,1588,2790,1011,total_death
2020-06-11 00:00:00,projected,536,1588,2790,1011,total_death
2020-06-12 00:00:00,projected,536,1588,2790,1011,total_death
2020-06-13 00:00:00,projected,536,1588,2790,1011,total_death
2020-06-14 00:00:00,projected,536,1588,2790,1011,total_death
2020-06-15 00:00:00,projected,536,1588,2790,1011,total_death
2020-06-16 00:00:00,projected,536,1588,2790,1011,total_death
2020-06-17 00:00:00,projected,536,1588,2790,1011,total_death
2020-06-18 00:00:00,projected,536,1588,2790,1011,total_death
2020-06-19 00:00:00,projected,536,1588,2790,1011,total_death
2020-06-20 00:00:00,projected,536,1588,2790,1011,total_death
2020-06-21 00:00:00,projected,536,1588,2790,1011,total_death
2020-06-22 00:00:00,projected,536,1588,2790,1011,total_death
2020-06-23 00:00:00,projected,536,1588,2790,1011,total_death
2020-06-24 00:00:00,projected,536,1588,2790,1011,total_death
2020-06-25 00:00:00,projected,536,1588,2790,1011,total_death
2020-06-26 00:00:00,projected,536,1588,2790,1011,total_death
2020-06-27 00:00:00,projected,536,1588,2790,1011,total_death
2020-06-28 00:00:00,projected,536,1588,2790,1011,total_death
2020-06-29 00:00:00,projected,536,1588,2790,1011,total_death
2020-06-30 00:00:00,projected,536,1588,2790,1011,total_death
2020-07-01 00:00:00,projected,536,1588,2790,1011,total_death
2020-07-02 00:00:00,projected,536,1588,2790,1011,total_death
2020-07-03 00:00:00,projected,536,1588,2790,1011,total_death
2020-07-04 00:00:00,projected,536,1588,2790,1011,total_death
2020-07-05 00:00:00,projected,536,1588,2790,1011,total_death
2020-07-06 00:00:00,projected,536,1588,2790,1011,total_death
2020-07-07 00:00:00,projected,536,1588,2790,1011,total_death
2020-07-08 00:00:00,projected,536,1588,2790,1011,total_death
2020-07-09 00:00:00,projected,536,1588,2790,1011,total_death
2020-07-10 00:00:00,projected,536,1588,2790,1011,total_death
2020-07-11 00:00:00,projected,536,1588,2790,1011,total_death
2020-07-12 00:00:00,projected,536,1588,2790,1011,total_death
2020-07-13 00:00:00,projected,536,1588,2790,1011,total_death
2020-07-14 00:00:00,projected,536,1588,2790,1011,total_death
2020-07-15 00:00:00,projected,536,1588,2790,1011,total_death
2020-07-16 00:00:00,projected,536,1588,2790,1011,total_death
2020-07-17 00:00:00,projected,536,1588,2790,1011,total_death
2020-07-18 00:00:00,projected,536,1588,2790,1011,total_death
2020-07-19 00:00:00,projected,536,1588,2790,1011,total_death
2020-07-20 00:00:00,projected,536,1588,2790,1011,total_death
2020-07-21 00:00:00,projected,536,1588,2790,1011,total_death
2020-07-22 00:00:00,projected,536,1588,2790,1011,total_death
2020-07-23 00:00:00,projected,536,1588,2790,1011,total_death
2020-07-24 00:00:00,projected,536,1588,2790,1011,total_death
2020-07-25 00:00:00,projected,536,1588,2790,1011,total_death
2020-07-26 00:00:00,projected,536,1588,2790,1011,total_death
2020-07-27 00:00:00,projected,536,1588,2790,1011,total_death
2020-07-28 00:00:00,projected,536,1588,2790,1011,total_death
2020-07-29 00:00:00,projected,536,1588,2790,1011,total_death
2020-07-30 00:00:00,projected,536,1588,2790,1011,total_death
2020-07-31 00:00:00,projected,536,1588,2790,1011,total_death
2020-08-01 00:00:00,projected,536,1588,2790,1011,total_death
2020-08-02 00:00:00,projected,536,1588,2790,1011,total_death
2020-08-03 00:00:00,projected,536,1588,2790,1011,total_death
2020-08-04 00:00:00,projected,536,1588,2790,1011,total_death
2020-01-03 00:00:00,projected,536,0,0,0,bedover
2020-01-04 00:00:00,projected,536,0,0,0,bedover
2020-01-05 00:00:00,projected,536,0,0,0,bedover
2020-01-06 00:00:00,projected,536,0,0,0,bedover
2020-01-07 00:00:00,projected,536,0,0,0,bedover
2020-01-08 00:00:00,projected,536,0,0,0,bedover
2020-01-09 00:00:00,projected,536,0,0,0,bedover
2020-01-10 00:00:00,projected,536,0,0,0,bedover
2020-01-11 00:00:00,projected,536,0,0,0,bedover
2020-01-12 00:00:00,projected,536,0,0,0,bedover
2020-01-13 00:00:00,projected,536,0,0,0,bedover
2020-01-14 00:00:00,projected,536,0,0,0,bedover
2020-01-15 00:00:00,projected,536,0,0,0,bedover
2020-01-16 00:00:00,projected,536,0,0,0,bedover
2020-01-17 00:00:00,projected,536,0,0,0,bedover
2020-01-18 00:00:00,projected,536,0,0,0,bedover
2020-01-19 00:00:00,projected,536,0,0,0,bedover
2020-01-20 00:00:00,projected,536,0,0,0,bedover
2020-01-21 00:00:00,projected,536,0,0,0,bedover
2020-01-22 00:00:00,projected,536,0,0,0,bedover
2020-01-23 00:00:00,projected,536,0,0,0,bedover
2020-01-24 00:00:00,projected,536,0,0,0,bedover
2020-01-25 00:00:00,projected,536,0,0,0,bedover
2020-01-26 00:00:00,projected,536,0,0,0,bedover
2020-01-27 00:00:00,projected,536,0,0,0,bedover
2020-01-28 00:00:00,projected,536,0,0,0,bedover
2020-01-29 00:00:00,projected,536,0,0,0,bedover
2020-01-30 00:00:00,projected,536,0,0,0,bedover
2020-01-31 00:00:00,projected,536,0,0,0,bedover
2020-02-01 00:00:00,projected,536,0,0,0,bedover
2020-02-02 00:00:00,projected,536,0,0,0,bedover
2020-02-03 00:00:00,projected,536,0,0,0,bedover
2020-02-04 00:00:00,projected,536,0,0,0,bedover
2020-02-05 00:00:00,projected,536,0,0,0,bedover
2020-02-06 00:00:00,projected,536,0,0,0,bedover
2020-02-07 00:00:00,projected,536,0,0,0,bedover
2020-02-08 00:00:00,projected,536,0,0,0,bedover
2020-02-09 00:00:00,projected,536,0,0,0,bedover
2020-02-10 00:00:00,projected,536,0,0,0,bedover
2020-02-11 00:00:00,projected,536,0,0,0,bedover
2020-02-12 00:00:00,projected,536,0,0,0,bedover
2020-02-13 00:00:00,projected,536,0,0,0,bedover
2020-02-14 00:00:00,projected,536,0,0,0,bedover
2020-02-15 00:00:00,projected,536,0,0,0,bedover
2020-02-16 00:00:00,projected,536,0,0,0,bedover
2020-02-17 00:00:00,projected,536,0,0,0,bedover
2020-02-18 00:00:00,projected,536,0,0,0,bedover
2020-02-19 00:00:00,projected,536,0,0,0,bedover
2020-02-20 00:00:00,projected,536,0,0,0,bedover
2020-02-21 00:00:00,projected,536,0,0,0,bedover
2020-02-22 00:00:00,projected,536,0,0,0,bedover
2020-02-23 00:00:00,projected,536,0,0,0,bedover
2020-02-24 00:00:00,projected,536,0,0,0,bedover
2020-02-25 00:00:00,projected,536,0,0,0,bedover
2020-02-26 00:00:00,projected,536,0,0,0,bedover
2020-02-27 00:00:00,projected,536,0,0,0,bedover
2020-02-28 00:00:00,projected,536,0,0,0,bedover
2020-02-29 00:00:00,projected,536,0,0,0,bedover
2020-03-01 00:00:00,projected,536,0,0,0,bedover
2020-03-02 00:00:00,projected,536,0,0,0,bedover
2020-03-03 00:00:00,projected,536,0,0,0,bedover
2020-03-04 00:00:00,projected,536,0,0,0,bedover
2020-03-05 00:00:00,projected,536,0,0,0,bedover
2020-03-06 00:00:00,projected,536,0,0,0,bedover
2020-03-07 00:00:00,projected,536,0,0,0,bedover
2020-03-08 00:00:00,projected,536,0,0,0,bedover
2020-03-09 00:00:00,projected,536,0,0,0,bedover
2020-03-10 00:00:00,projected,536,0,0,0,bedover
2020-03-11 00:00:00,projected,536,0,0,0,bedover
2020-03-12 00:00:00,projected,536,0,0,0,bedover
2020-03-13 00:00:00,projected,536,0,0,0,bedover
2020-03-14 00:00:00,projected,536,0,0,0,bedover
2020-03-15 00:00:00,projected,536,0,0,0,bedover
2020-03-16 00:00:00,projected,536,0,0,0,bedover
2020-03-17 00:00:00,projected,536,0,0,0,bedover
2020-03-18 00:00:00,projected,536,0,0,0,bedover
2020-03-19 00:00:00,projected,536,0,0,0,bedover
2020-03-20 00:00:00,projected,536,0,0,0,bedover
2020-03-21 00:00:00,projected,536,0,0,0,bedover
2020-03-22 00:00:00,projected,536,0,0,0,bedover
2020-03-23 00:00:00,projected,536,0,0,0,bedover
2020-03-24 00:00:00,projected,536,0,0,0,bedover
2020-03-25 00:00:00,projected,536,0,0,0,bedover
2020-03-26 00:00:00,projected,536,0,0,0,bedover
2020-03-27 00:00:00,projected,536,0,0,0,bedover
2020-03-28 00:00:00,projected,536,0,0,0,bedover
2020-03-29 00:00:00,projected,536,0,0,0,bedover
2020-03-30 00:00:00,projected,536,0,0,0,bedover
2020-03-31 00:00:00,projected,536,0,0,0,bedover
2020-04-01 00:00:00,projected,536,0,0,0,bedover
2020-04-02 00:00:00,projected,536,0,0,0,bedover
2020-04-03 00:00:00,projected,536,0,0,0,bedover
2020-04-04 00:00:00,projected,536,0,0,0,bedover
2020-04-05 00:00:00,projected,536,0,0,0,bedover
2020-04-06 00:00:00,projected,536,0,0,0,bedover
2020-04-07 00:00:00,projected,536,0,0,0,bedover
2020-04-08 00:00:00,projected,536,0,0,0,bedover
2020-04-09 00:00:00,projected,536,0,0,0,bedover
2020-04-10 00:00:00,projected,536,0,0,0,bedover
2020-04-11 00:00:00,projected,536,0,0,0,bedover
2020-04-12 00:00:00,projected,536,0,0,0,bedover
2020-04-13 00:00:00,projected,536,0,0,0,bedover
2020-04-14 00:00:00,projected,536,0,0,0,bedover
2020-04-15 00:00:00,projected,536,0,0,0,bedover
2020-04-16 00:00:00,projected,536,0,0,0,bedover
2020-04-17 00:00:00,projected,536,0,0,0,bedover
2020-04-18 00:00:00,projected,536,0,0,0,bedover
2020-04-19 00:00:00,projected,536,0,0,0,bedover
2020-04-20 00:00:00,projected,536,0,0,0,bedover
2020-04-21 00:00:00,projected,536,0,0,0,bedover
2020-04-22 00:00:00,projected,536,0,0,0,bedover
2020-04-23 00:00:00,projected,536,0,0,0,bedover
2020-04-24 00:00:00,projected,536,0,0,0,bedover
2020-04-25 00:00:00,projected,536,0,0,0,bedover
2020-04-26 00:00:00,projected,536,0,0,0,bedover
2020-04-27 00:00:00,projected,536,0,0,0,bedover
2020-04-28 00:00:00,projected,536,0,0,0,bedover
2020-04-29 00:00:00,projected,536,0,0,0,bedover
2020-04-30 00:00:00,projected,536,0,0,0,bedover
2020-05-01 00:00:00,projected,536,0,0,0,bedover
2020-05-02 00:00:00,projected,536,0,0,0,bedover
2020-05-03 00:00:00,projected,536,0,0,0,bedover
2020-05-04 00:00:00,projected,536,0,0,0,bedover
2020-05-05 00:00:00,projected,536,0,0,0,bedover
2020-05-06 00:00:00,projected,536,0,0,0,bedover
2020-05-07 00:00:00,projected,536,0,0,0,bedover
2020-05-08 00:00:00,projected,536,0,0,0,bedover
2020-05-09 00:00:00,projected,536,0,0,0,bedover
2020-05-10 00:00:00,projected,536,0,0,0,bedover
2020-05-11 00:00:00,projected,536,0,0,0,bedover
2020-05-12 00:00:00,projected,536,0,0,0,bedover
2020-05-13 00:00:00,projected,536,0,0,0,bedover
2020-05-14 00:00:00,projected,536,0,0,0,bedover
2020-05-15 00:00:00,projected,536,0,0,0,bedover
2020-05-16 00:00:00,projected,536,0,0,0,bedover
2020-05-17 00:00:00,projected,536,0,0,0,bedover
2020-05-18 00:00:00,projected,536,0,0,0,bedover
2020-05-19 00:00:00,projected,536,0,0,0,bedover
2020-05-20 00:00:00,projected,536,0,0,0,bedover
2020-05-21 00:00:00,projected,536,0,0,0,bedover
2020-05-22 00:00:00,projected,536,0,0,0,bedover
2020-05-23 00:00:00,projected,536,0,0,0,bedover
2020-05-24 00:00:00,projected,536,0,0,0,bedover
2020-05-25 00:00:00,projected,536,0,0,0,bedover
2020-05-26 00:00:00,projected,536,0,0,0,bedover
2020-05-27 00:00:00,projected,536,0,0,0,bedover
2020-05-28 00:00:00,projected,536,0,0,0,bedover
2020-05-29 00:00:00,projected,536,0,0,0,bedover
2020-05-30 00:00:00,projected,536,0,0,0,bedover
2020-05-31 00:00:00,projected,536,0,0,0,bedover
2020-06-01 00:00:00,projected,536,0,0,0,bedover
2020-06-02 00:00:00,projected,536,0,0,0,bedover
2020-06-03 00:00:00,projected,536,0,0,0,bedover
2020-06-04 00:00:00,projected,536,0,0,0,bedover
2020-06-05 00:00:00,projected,536,0,0,0,bedover
2020-06-06 00:00:00,projected,536,0,0,0,bedover
2020-06-07 00:00:00,projected,536,0,0,0,bedover
2020-06-08 00:00:00,projected,536,0,0,0,bedover
2020-06-09 00:00:00,projected,536,0,0,0,bedover
2020-06-10 00:00:00,projected,536,0,0,0,bedover
2020-06-11 00:00:00,projected,536,0,0,0,bedover
2020-06-12 00:00:00,projected,536,0,0,0,bedover
2020-06-13 00:00:00,projected,536,0,0,0,bedover
2020-06-14 00:00:00,projected,536,0,0,0,bedover
2020-06-15 00:00:00,projected,536,0,0,0,bedover
2020-06-16 00:00:00,projected,536,0,0,0,bedover
2020-06-17 00:00:00,projected,536,0,0,0,bedover
2020-06-18 00:00:00,projected,536,0,0,0,bedover
2020-06-19 00:00:00,projected,536,0,0,0,bedover
2020-06-20 00:00:00,projected,536,0,0,0,bedover
2020-06-21 00:00:00,projected,536,0,0,0,bedover
2020-06-22 00:00:00,projected,536,0,0,0,bedover
2020-06-23 00:00:00,projected,536,0,0,0,bedover
2020-06-24 00:00:00,projected,536,0,0,0,bedover
2020-06-25 00:00:00,projected,536,0,0,0,bedover
2020-06-26 00:00:00,projected,536,0,0,0,bedover
2020-06-27 00:00:00,projected,536,0,0,0,bedover
2020-06-28 00:00:00,projected,536,0,0,0,bedover
2020-06-29 00:00:00,projected,536,0,0,0,bedover
2020-06-30 00:00:00,projected,536,0,0,0,bedover
2020-07-01 00:00:00,projected,536,0,0,0,bedover
2020-07-02 00:00:00,projected,536,0,0,0,bedover
2020-07-03 00:00:00,projected,536,0,0,0,bedover
2020-07-04 00:00:00,projected,536,0,0,0,bedover
2020-07-05 00:00:00,projected,536,0,0,0,bedover
2020-07-06 00:00:00,projected,536,0,0,0,bedover
2020-07-07 00:00:00,projected,536,0,0,0,bedover
2020-07-08 00:00:00,projected,536,0,0,0,bedover
2020-07-09 00:00:00,projected,536,0,0,0,bedover
2020-07-10 00:00:00,projected,536,0,0,0,bedover
2020-07-11 00:00:00,projected,536,0,0,0,bedover
2020-07-12 00:00:00,projected,536,0,0,0,bedover
2020-07-13 00:00:00,projected,536,0,0,0,bedover
2020-07-14 00:00:00,projected,536,0,0,0,bedover
2020-07-15 00:00:00,projected,536,0,0,0,bedover
2020-07-16 00:00:00,projected,536,0,0,0,bedover
2020-07-17 00:00:00,projected,536,0,0,0,bedover
2020-07-18 00:00:00,projected,536,0,0,0,bedover
2020-07-19 00:00:00,projected,536,0,0,0,bedover
2020-07-20 00:00:00,projected,536,0,0,0,bedover
2020-07-21 00:00:00,projected,536,0,0,0,bedover
2020-07-22 00:00:00,projected,536,0,0,0,bedover
2020-07-23 00:00:00,projected,536,0,0,0,bedover
2020-07-24 00:00:00,projected,536,0,0,0,bedover
2020-07-25 00:00:00,projected,536,0,0,0,bedover
2020-07-26 00:00:00,projected,536,0,0,0,bedover
2020-07-27 00:00:00,projected,536,0,0,0,bedover
2020-07-28 00:00:00,projected,536,0,0,0,bedover
2020-07-29 00:00:00,projected,536,0,0,0,bedover
2020-07-30 00:00:00,projected,536,0,0,0,bedover
2020-07-31 00:00:00,projected,536,0,0,0,bedover
2020-08-01 00:00:00,projected,536,0,0,0,bedover
2020-08-02 00:00:00,projected,536,0,0,0,bedover
2020-08-03 00:00:00,projected,536,0,0,0,bedover
2020-08-04 00:00:00,projected,536,0,0,0,bedover
2020-01-03 00:00:00,projected,536,0,0,0,icuover
2020-01-04 00:00:00,projected,536,0,0,0,icuover
2020-01-05 00:00:00,projected,536,0,0,0,icuover
2020-01-06 00:00:00,projected,536,0,0,0,icuover
2020-01-07 00:00:00,projected,536,0,0,0,icuover
2020-01-08 00:00:00,projected,536,0,0,0,icuover
2020-01-09 00:00:00,projected,536,0,0,0,icuover
2020-01-10 00:00:00,projected,536,0,0,0,icuover
2020-01-11 00:00:00,projected,536,0,0,0,icuover
2020-01-12 00:00:00,projected,536,0,0,0,icuover
2020-01-13 00:00:00,projected,536,0,0,0,icuover
2020-01-14 00:00:00,projected,536,0,0,0,icuover
2020-01-15 00:00:00,projected,536,0,0,0,icuover
2020-01-16 00:00:00,projected,536,0,0,0,icuover
2020-01-17 00:00:00,projected,536,0,0,0,icuover
2020-01-18 00:00:00,projected,536,0,0,0,icuover
2020-01-19 00:00:00,projected,536,0,0,0,icuover
2020-01-20 00:00:00,projected,536,0,0,0,icuover
2020-01-21 00:00:00,projected,536,0,0,0,icuover
2020-01-22 00:00:00,projected,536,0,0,0,icuover
2020-01-23 00:00:00,projected,536,0,0,0,icuover
2020-01-24 00:00:00,projected,536,0,0,0,icuover
2020-01-25 00:00:00,projected,536,0,0,0,icuover
2020-01-26 00:00:00,projected,536,0,0,0,icuover
2020-01-27 00:00:00,projected,536,0,0,0,icuover
2020-01-28 00:00:00,projected,536,0,0,0,icuover
2020-01-29 00:00:00,projected,536,0,0,0,icuover
2020-01-30 00:00:00,projected,536,0,0,0,icuover
2020-01-31 00:00:00,projected,536,0,0,0,icuover
2020-02-01 00:00:00,projected,536,0,0,0,icuover
2020-02-02 00:00:00,projected,536,0,0,0,icuover
2020-02-03 00:00:00,projected,536,0,0,0,icuover
2020-02-04 00:00:00,projected,536,0,0,0,icuover
2020-02-05 00:00:00,projected,536,0,0,0,icuover
2020-02-06 00:00:00,projected,536,0,0,0,icuover
2020-02-07 00:00:00,projected,536,0,0,0,icuover
2020-02-08 00:00:00,projected,536,0,0,0,icuover
2020-02-09 00:00:00,projected,536,0,0,0,icuover
2020-02-10 00:00:00,projected,536,0,0,0,icuover
2020-02-11 00:00:00,projected,536,0,0,0,icuover
2020-02-12 00:00:00,projected,536,0,0,0,icuover
2020-02-13 00:00:00,projected,536,0,0,0,icuover
2020-02-14 00:00:00,projected,536,0,0,0,icuover
2020-02-15 00:00:00,projected,536,0,0,0,icuover
2020-02-16 00:00:00,projected,536,0,0,0,icuover
2020-02-17 00:00:00,projected,536,0,0,0,icuover
2020-02-18 00:00:00,projected,536,0,0,0,icuover
2020-02-19 00:00:00,projected,536,0,0,0,icuover
2020-02-20 00:00:00,projected,536,0,0,0,icuover
2020-02-21 00:00:00,projected,536,0,0,0,icuover
2020-02-22 00:00:00,projected,536,0,0,0,icuover
2020-02-23 00:00:00,projected,536,0,0,0,icuover
2020-02-24 00:00:00,projected,536,0,0,0,icuover
2020-02-25 00:00:00,projected,536,0,0,0,icuover
2020-02-26 00:00:00,projected,536,0,0,0,icuover
2020-02-27 00:00:00,projected,536,0,0,0,icuover
2020-02-28 00:00:00,projected,536,0,0,0,icuover
2020-02-29 00:00:00,projected,536,0,0,0,icuover
2020-03-01 00:00:00,projected,536,0,0,0,icuover
2020-03-02 00:00:00,projected,536,0,0,0,icuover
2020-03-03 00:00:00,projected,536,0,0,0,icuover
2020-03-04 00:00:00,projected,536,0,0,0,icuover
2020-03-05 00:00:00,projected,536,0,0,0,icuover
2020-03-06 00:00:00,projected,536,0,0,0,icuover
2020-03-07 00:00:00,projected,536,0,0,0,icuover
2020-03-08 00:00:00,projected,536,0,0,0,icuover
2020-03-09 00:00:00,projected,536,0,0,0,icuover
2020-03-10 00:00:00,projected,536,0,0,0,icuover
2020-03-11 00:00:00,projected,536,0,0,0,icuover
2020-03-12 00:00:00,projected,536,0,0,0,icuover
2020-03-13 00:00:00,projected,536,0,0,0,icuover
2020-03-14 00:00:00,projected,536,0,0,0,icuover
2020-03-15 00:00:00,projected,536,0,0,0,icuover
2020-03-16 00:00:00,projected,536,0,0,0,icuover
2020-03-17 00:00:00,projected,536,0,0,0,icuover
2020-03-18 00:00:00,projected,536,0,0,0,icuover
2020-03-19 00:00:00,projected,536,0,0,0,icuover
2020-03-20 00:00:00,projected,536,0,0,0,icuover
2020-03-21 00:00:00,projected,536,0,0,0,icuover
2020-03-22 00:00:00,projected,536,0,0,0,icuover
2020-03-23 00:00:00,projected,536,0,0,0,icuover
2020-03-24 00:00:00,projected,536,0,0,0,icuover
2020-03-25 00:00:00,projected,536,0,0,0,icuover
2020-03-26 00:00:00,projected,536,0,0,0,icuover
2020-03-27 00:00:00,projected,536,0,0,0,icuover
2020-03-28 00:00:00,projected,536,0,0,0,icuover
2020-03-29 00:00:00,projected,536,0,0,0,icuover
2020-03-30 00:00:00,projected,536,0,0,0,icuover
2020-03-31 00:00:00,projected,536,0,0,0,icuover
2020-04-01 00:00:00,projected,536,0,0,0,icuover
2020-04-02 00:00:00,projected,536,0,0,0,icuover
2020-04-03 00:00:00,projected,536,0,0,0,icuover
2020-04-04 00:00:00,projected,536,0,0,0,icuover
2020-04-05 00:00:00,projected,536,0,0,0,icuover
2020-04-06 00:00:00,projected,536,0,0,0,icuover
2020-04-07 00:00:00,projected,536,0,0,0,icuover
2020-04-08 00:00:00,projected,536,0,41,0,icuover
2020-04-09 00:00:00,projected,536,0,149,0,icuover
2020-04-10 00:00:00,projected,536,0,356,0,icuover
2020-04-11 00:00:00,projected,536,0,623,0,icuover
2020-04-12 00:00:00,projected,536,0,580,0,icuover
2020-04-13 00:00:00,projected,536,0,705,0,icuover
2020-04-14 00:00:00,projected,536,0,787,0,icuover
2020-04-15 00:00:00,projected,536,0,677,0,icuover
2020-04-16 00:00:00,projected,536,0,640,0,icuover
2020-04-17 00:00:00,projected,536,0,548,0,icuover
2020-04-18 00:00:00,projected,536,0,478,0,icuover
2020-04-19 00:00:00,projected,536,0,127,0,icuover
2020-04-20 00:00:00,projected,536,0,0,0,icuover
2020-04-21 00:00:00,projected,536,0,0,0,icuover
2020-04-22 00:00:00,projected,536,0,0,0,icuover
2020-04-23 00:00:00,projected,536,0,0,0,icuover
2020-04-24 00:00:00,projected,536,0,0,0,icuover
2020-04-25 00:00:00,projected,536,0,0,0,icuover
2020-04-26 00:00:00,projected,536,0,0,0,icuover
2020-04-27 00:00:00,projected,536,0,0,0,icuover
2020-04-28 00:00:00,projected,536,0,0,0,icuover
2020-04-29 00:00:00,projected,536,0,0,0,icuover
2020-04-30 00:00:00,projected,536,0,0,0,icuover
2020-05-01 00:00:00,projected,536,0,0,0,icuover
2020-05-02 00:00:00,projected,536,0,0,0,icuover
2020-05-03 00:00:00,projected,536,0,0,0,icuover
2020-05-04 00:00:00,projected,536,0,0,0,icuover
2020-05-05 00:00:00,projected,536,0,0,0,icuover
2020-05-06 00:00:00,projected,536,0,0,0,icuover
2020-05-07 00:00:00,projected,536,0,0,0,icuover
2020-05-08 00:00:00,projected,536,0,0,0,icuover
2020-05-09 00:00:00,projected,536,0,0,0,icuover
2020-05-10 00:00:00,projected,536,0,0,0,icuover
2020-05-11 00:00:00,projected,536,0,0,0,icuover
2020-05-12 00:00:00,projected,536,0,0,0,icuover
2020-05-13 00:00:00,projected,536,0,0,0,icuover
2020-05-14 00:00:00,projected,536,0,0,0,icuover
2020-05-15 00:00:00,projected,536,0,0,0,icuover
2020-05-16 00:00:00,projected,536,0,0,0,icuover
2020-05-17 00:00:00,projected,536,0,0,0,icuover
2020-05-18 00:00:00,projected,536,0,0,0,icuover
2020-05-19 00:00:00,projected,536,0,0,0,icuover
2020-05-20 00:00:00,projected,536,0,0,0,icuover
2020-05-21 00:00:00,projected,536,0,0,0,icuover
2020-05-22 00:00:00,projected,536,0,0,0,icuover
2020-05-23 00:00:00,projected,536,0,0,0,icuover
2020-05-24 00:00:00,projected,536,0,0,0,icuover
2020-05-25 00:00:00,projected,536,0,0,0,icuover
2020-05-26 00:00:00,projected,536,0,0,0,icuover
2020-05-27 00:00:00,projected,536,0,0,0,icuover
2020-05-28 00:00:00,projected,536,0,0,0,icuover
2020-05-29 00:00:00,projected,536,0,0,0,icuover
2020-05-30 00:00:00,projected,536,0,0,0,icuover
2020-05-31 00:00:00,projected,536,0,0,0,icuover
2020-06-01 00:00:00,projected,536,0,0,0,icuover
2020-06-02 00:00:00,projected,536,0,0,0,icuover
2020-06-03 00:00:00,projected,536,0,0,0,icuover
2020-06-04 00:00:00,projected,536,0,0,0,icuover
2020-06-05 00:00:00,projected,536,0,0,0,icuover
2020-06-06 00:00:00,projected,536,0,0,0,icuover
2020-06-07 00:00:00,projected,536,0,0,0,icuover
2020-06-08 00:00:00,projected,536,0,0,0,icuover
2020-06-09 00:00:00,projected,536,0,0,0,icuover
2020-06-10 00:00:00,projected,536,0,0,0,icuover
2020-06-11 00:00:00,projected,536,0,0,0,icuover
2020-06-12 00:00:00,projected,536,0,0,0,icuover
2020-06-13 00:00:00,projected,536,0,0,0,icuover
2020-06-14 00:00:00,projected,536,0,0,0,icuover
2020-06-15 00:00:00,projected,536,0,0,0,icuover
2020-06-16 00:00:00,projected,536,0,0,0,icuover
2020-06-17 00:00:00,projected,536,0,0,0,icuover
2020-06-18 00:00:00,projected,536,0,0,0,icuover
2020-06-19 00:00:00,projected,536,0,0,0,icuover
2020-06-20 00:00:00,projected,536,0,0,0,icuover
2020-06-21 00:00:00,projected,536,0,0,0,icuover
2020-06-22 00:00:00,projected,536,0,0,0,icuover
2020-06-23 00:00:00,projected,536,0,0,0,icuover
2020-06-24 00:00:00,projected,536,0,0,0,icuover
2020-06-25 00:00:00,projected,536,0,0,0,icuover
2020-06-26 00:00:00,projected,536,0,0,0,icuover
2020-06-27 00:00:00,projected,536,0,0,0,icuover
2020-06-28 00:00:00,projected,536,0,0,0,icuover
2020-06-29 00:00:00,projected,536,0,0,0,icuover
2020-06-30 00:00:00,projected,536,0,0,0,icuover
2020-07-01 00:00:00,projected,536,0,0,0,icuover
2020-07-02 00:00:00,projected,536,0,0,0,icuover
2020-07-03 00:00:00,projected,536,0,0,0,icuover
2020-07-04 00:00:00,projected,536,0,0,0,icuover
2020-07-05 00:00:00,projected,536,0,0,0,icuover
2020-07-06 00:00:00,projected,536,0,0,0,icuover
2020-07-07 00:00:00,projected,536,0,0,0,icuover
2020-07-08 00:00:00,projected,536,0,0,0,icuover
2020-07-09 00:00:00,projected,536,0,0,0,icuover
2020-07-10 00:00:00,projected,536,0,0,0,icuover
2020-07-11 00:00:00,projected,536,0,0,0,icuover
2020-07-12 00:00:00,projected,536,0,0,0,icuover
2020-07-13 00:00:00,projected,536,0,0,0,icuover
2020-07-14 00:00:00,projected,536,0,0,0,icuover
2020-07-15 00:00:00,projected,536,0,0,0,icuover
2020-07-16 00:00:00,projected,536,0,0,0,icuover
2020-07-17 00:00:00,projected,536,0,0,0,icuover
2020-07-18 00:00:00,projected,536,0,0,0,icuover
2020-07-19 00:00:00,projected,536,0,0,0,icuover
2020-07-20 00:00:00,projected,536,0,0,0,icuover
2020-07-21 00:00:00,projected,536,0,0,0,icuover
2020-07-22 00:00:00,projected,536,0,0,0,icuover
2020-07-23 00:00:00,projected,536,0,0,0,icuover
2020-07-24 00:00:00,projected,536,0,0,0,icuover
2020-07-25 00:00:00,projected,536,0,0,0,icuover
2020-07-26 00:00:00,projected,536,0,0,0,icuover
2020-07-27 00:00:00,projected,536,0,0,0,icuover
2020-07-28 00:00:00,projected,536,0,0,0,icuover
2020-07-29 00:00:00,projected,536,0,0,0,icuover
2020-07-30 00:00:00,projected,536,0,0,0,icuover
2020-07-31 00:00:00,projected,536,0,0,0,icuover
2020-08-01 00:00:00,projected,536,0,0,0,icuover
2020-08-02 00:00:00,projected,536,0,0,0,icuover
2020-08-03 00:00:00,projected,536,0,0,0,icuover
2020-08-04 00:00:00,projected,536,0,0,0,icuover
2020-04-07 00:00:00,projected,536,-9999,-9999,-9999,peak_resource_usage
